child_age,monthly_income,monthly_expense,education_expense,saving_rate,education_rate,has_emergency_fund,has_education_fund,has_basic_insurance,cashflow_score,education_score,protection_score,financial_health_score
13,15296,7292,6574,0.5232740585774058,0.4297855648535565,1,0,0,97,47,70,74
12,9739,8979,1314,0.0780367594208851,0.13492144984084609,1,0,1,73,44,97,71
4,31526,25456,10391,0.19253949121360148,0.3296009642834486,1,0,1,83,42,100,76
8,45837,26926,2779,0.4125706307131793,0.060627877042563866,0,0,1,97,52,67,74
13,25496,22971,11117,0.09903514276749294,0.43602918104800753,0,0,0,44,37,34,39
6,45170,43850,10811,0.029222935576710206,0.23934027009076822,0,1,1,62,66,70,66
14,46311,34877,19621,0.24689598583489883,0.42367903953704306,1,1,0,69,69,62,67
12,12163,8625,3626,0.29088218367179147,0.2981172408122996,1,1,0,79,75,69,75
3,55323,42156,16903,0.2380022775337563,0.30553296097463983,0,0,1,74,41,70,63
4,31788,24380,4423,0.23304391594312318,0.1391405561847238,0,0,0,63,51,38,52
7,42581,39037,14365,0.08322960945022428,0.33735703717620535,0,0,1,52,30,66,49
4,30156,14259,10138,0.5271587743732591,0.3361851704470089,0,0,0,78,45,40,57
12,45762,36080,8462,0.21157292076395262,0.1849132467986539,1,1,0,64,70,74,69
3,34386,26591,13616,0.22669109521316816,0.39597510614785086,0,0,0,56,43,35,45
11,14416,7315,5842,0.4925776914539401,0.4052441731409545,0,0,0,77,44,36,55
9,25380,26601,7954,-0.04810874704491726,0.31339637509850277,1,1,1,48,68,87,66
11,42807,24421,2363,0.4295091924218002,0.05520125213166071,0,0,0,92,51,46,66
12,10604,9844,1171,0.07167106752168993,0.11043002640513014,1,1,1,60,66,100,74
8,57274,30527,805,0.4670007333170374,0.014055243216817405,1,0,0,100,52,69,76
7,18338,15431,7330,0.15852328498200458,0.39971643581633765,1,0,1,71,38,96,68
13,49565,50252,9150,-0.013860587107838192,0.18460607283365277,1,1,0,49,71,59,59
11,54246,38424,18879,0.2916712753014047,0.34802566087822145,0,0,0,65,44,36,50
13,14736,12425,5086,0.15682681867535286,0.34514115092290987,1,0,0,68,41,56,56
10,30915,23911,13530,0.22655668769205886,0.4376516254245512,0,0,0,61,41,42,49
11,34193,32956,5925,0.03617699529143392,0.17328108092299593,0,0,1,54,39,61,52
11,15578,13321,5223,0.14488381050198998,0.33528052381563744,0,1,0,63,76,39,60
4,51531,53359,11319,-0.035473792474432865,0.21965418874075798,1,0,1,56,35,97,62
13,32847,20483,10584,0.37641184887508755,0.3222212074162024,1,1,0,82,78,70,77
13,22005,18277,8252,0.16941604180867983,0.37500568052715294,0,0,1,61,30,74,56
6,21050,11886,900,0.43534441805225654,0.04275534441805225,0,0,1,99,52,74,77
9,40399,31274,8494,0.22587192752295848,0.21025272902794623,0,0,0,70,55,38,56
4,37914,21430,15725,0.43477343461518175,0.4147544442686079,1,1,1,96,76,98,90
15,58965,60697,16379,-0.029373357076231663,0.27777495124226237,0,1,1,42,57,65,53
6,33102,19902,12073,0.3987674460757658,0.364721164884297,0,0,1,78,47,64,65
12,53581,24751,19364,0.5380638659226218,0.36139676377820495,1,1,0,100,68,81,85
14,43791,45915,7726,-0.04850311707885182,0.1764289465871983,1,0,1,56,30,95,60
10,16364,16114,720,0.015277438279149352,0.04399902224395014,1,0,0,64,44,66,59
8,30118,25976,5058,0.1375257321203267,0.16793943820970847,1,1,0,68,71,77,71
6,16272,15080,5984,0.07325467059980334,0.36774827925270404,0,0,1,60,33,69,54
5,28384,16314,9981,0.42523957158962794,0.35164177001127395,0,1,1,80,79,72,77
12,59290,29371,11877,0.5046213526733008,0.2003204587620172,1,1,0,99,86,78,89
14,42193,40300,9350,0.04486526201028607,0.22160073945915199,1,1,1,70,62,100,77
10,23981,23086,8113,0.03732121262666278,0.3383094950168884,1,1,0,54,68,65,61
12,53952,53117,9552,0.015476720047449585,0.17704626334519574,0,0,0,46,40,35,41
10,59965,28114,3549,0.5311598432418911,0.059184524305845074,1,0,1,100,59,100,88
14,44070,30670,12028,0.3040617199909235,0.2729294304515543,1,1,1,81,67,100,82
5,20552,12793,8433,0.3775301673803036,0.410325029194239,1,1,0,85,73,75,78
3,11573,9740,2893,0.15838589821135401,0.24997839799533397,0,1,0,67,72,45,62
4,34260,31530,1713,0.0796847635726795,0.05,0,0,0,55,47,38,48
15,42247,31475,15262,0.2549766847350108,0.36125642057424195,1,1,1,72,69,94,77
5,23719,13520,9543,0.42999283275011596,0.4023356802563346,0,0,0,75,48,39,56
10,12664,11329,2412,0.10541692987997474,0.19046114971572964,1,0,1,65,40,100,68
12,26914,19306,2537,0.2826781600653935,0.09426320873894627,1,1,1,95,75,94,89
8,47564,29607,1347,0.3775334286435119,0.028319737616684888,0,0,0,90,69,34,67
13,40225,21090,15901,0.4756991920447483,0.3953014294592915,1,1,1,92,68,100,87
9,57840,28432,15403,0.5084370677731673,0.2663035961272476,0,1,1,91,82,68,81
15,40669,38794,14984,0.046103912070618897,0.3684378765152819,0,0,1,56,30,67,51
5,28365,13212,9548,0.5342147012162877,0.3366120218579235,1,0,0,96,58,79,80
7,35229,31663,8236,0.10122342388373215,0.23378466604218115,0,1,0,43,72,41,51
15,35193,26973,15806,0.23356917568834712,0.4491234052226295,1,0,1,83,37,100,74
10,30618,24671,9542,0.19423215102227448,0.31164674374550916,1,1,1,69,77,97,80
15,32984,27493,11373,0.16647465437788017,0.3448035411108416,0,1,0,55,67,39,54
4,29532,30774,6726,-0.04205607476635514,0.22775294595692808,1,1,0,53,70,64,61
4,57831,32609,15038,0.4361328699140599,0.2600335460220297,0,1,0,80,73,44,67
5,19473,10055,6767,0.48364401992502437,0.3475068042931238,0,1,0,78,78,49,69
7,52407,41493,5676,0.20825462247409698,0.1083061423092335,0,1,1,72,71,66,70
14,27348,13024,11284,0.5237677343864268,0.41260786894836915,1,1,0,95,75,77,83
7,58838,41558,20392,0.29368775281280807,0.34657874162955915,1,0,0,79,52,79,71
13,50358,23952,10623,0.5243655427141666,0.21094960085785774,1,0,1,100,43,100,83
11,31976,31783,8721,0.006035776832624468,0.2727358018513885,1,0,1,64,38,100,67
13,55462,51001,18762,0.08043344992968159,0.3382856730734557,1,0,1,61,40,94,64
3,48602,50844,18896,-0.046129788897576234,0.38879058474959877,1,0,0,48,42,62,50
11,16890,13967,4216,0.17306098283007698,0.24961515689757252,1,1,0,79,79,75,78
14,32283,21646,7764,0.329492302450206,0.2404980949725862,1,0,1,100,41,99,82
10,14007,9778,5756,0.30192046833725994,0.4109373884486328,0,0,1,68,46,72,63
6,23269,15854,2917,0.31866431733207273,0.1253599209248356,0,1,0,81,82,34,67
12,29218,13665,3354,0.5323088507084673,0.11479225135190636,1,0,0,100,57,80,81
4,37622,33438,7759,0.11121152517144224,0.2062357131465632,0,1,1,63,71,70,67
4,29109,17959,1576,0.38304304510632453,0.054141330859871516,0,1,1,87,78,68,79
4,50907,44237,18566,0.13102323845443653,0.36470426463944056,0,1,1,63,74,70,68
8,51588,31566,12765,0.38811351477087697,0.2474412654105606,0,1,0,77,77,42,67
9,31173,27885,12313,0.10547589259936484,0.39498925352067493,0,1,1,51,61,64,58
11,32088,18203,12994,0.43271628022936925,0.4049488905509848,1,0,1,97,48,100,83
14,57965,46333,11635,0.20067281980505478,0.20072457517467437,1,0,0,80,39,71,65
14,42765,26293,12827,0.3851747924704782,0.29994154097977316,1,1,1,85,78,100,87
12,36969,30207,4975,0.18291000568043497,0.13457220914820525,0,0,1,69,47,69,63
9,47277,23069,751,0.5120460266091335,0.01588510269264124,0,1,0,100,83,43,78
5,32917,32263,12028,0.0198681532338913,0.3654038946441049,0,1,0,40,66,30,45
9,45578,33762,14186,0.2592478827504498,0.31124665408749835,1,0,1,72,53,96,73
11,13154,9161,3041,0.3035578531245249,0.23118443059145508,1,0,1,87,49,90,77
8,55669,34730,8242,0.3761339345057393,0.14805367439688158,0,0,1,79,58,70,70
15,45976,35398,18997,0.23007656168435706,0.4131938402644858,1,1,0,67,69,72,69
4,28342,27883,7904,0.016195046221155883,0.2788794015948063,0,0,1,53,40,63,52
13,20336,14418,8292,0.29101101494885917,0.4077498033044847,0,0,1,65,40,66,58
10,42345,36184,5701,0.14549533593104264,0.13463218797969065,1,1,1,70,76,100,81
8,14193,12719,2827,0.10385401254139365,0.19918269569506095,1,0,1,74,48,88,70
4,28288,25072,11042,0.11368778280542986,0.39034219457013575,1,0,0,61,39,65,56
15,39868,24231,7923,0.3922193237684358,0.19873081167853918,0,0,0,73,44,45,56
13,30070,17825,10285,0.4072164948453608,0.34203525108081145,1,0,0,77,56,75,70
8,52326,47125,8283,0.09939609372013913,0.15829606696479762,1,1,1,67,77,100,80
10,38256,26448,13013,0.3086574654956085,0.34015579255541617,1,0,0,80,41,79,68
4,54622,32749,9840,0.4004430449269525,0.18014719343854124,0,0,1,86,51,69,70
4,32570,22013,961,0.32413263739637704,0.02950568007368744,1,0,1,96,42,100,81
14,38743,32133,672,0.17061146529695687,0.017345068786619518,0,0,1,70,53,65,63
6,27736,16473,1282,0.40607874242861264,0.04622151716181137,0,1,1,92,85,74,84
3,48292,33292,8382,0.3106104530771142,0.17356912117949141,1,0,0,84,58,77,74
3,33588,30519,1213,0.09137191854233655,0.03611408836489222,1,1,1,77,70,100,82
12,56181,47072,4871,0.16213666542069383,0.08670190989836421,0,1,1,73,77,72,74
15,16837,8609,6365,0.4886856328324523,0.3780364673041516,1,0,1,83,48,100,78
11,39024,25860,1699,0.33733087330873307,0.04353731037310373,0,1,1,88,84,69,81
9,30219,19719,8629,0.34746351633078526,0.28554882689698535,1,1,1,96,67,100,89
8,14723,7936,3186,0.46097941995517216,0.21639611492223051,1,1,1,100,83,100,95
15,57145,36199,1520,0.3665412547029486,0.026599002537404846,0,1,0,81,76,35,66
8,32380,29118,13002,0.10074119827053737,0.4015441630636195,0,0,1,51,38,71,53
9,44809,24022,9077,0.4639023410475574,0.20257091209355263,1,1,0,100,77,73,85
13,28944,24408,12125,0.15671641791044777,0.41891238253178553,0,1,1,68,70,63,67
5,23514,23530,8594,-0.000680445691928213,0.3654843922769414,0,1,1,30,60,69,51
9,58407,53115,19338,0.09060557809851559,0.3310904514869793,0,0,1,57,44,68,56
5,36352,32835,15421,0.09674845950704225,0.4242132482394366,0,0,0,46,45,44,45
7,13168,7977,2108,0.39421324422843257,0.1600850546780073,1,0,1,96,55,100,85
12,55227,46978,18968,0.1493653466601481,0.34345519401741903,0,0,0,58,43,40,48
13,43754,29180,10399,0.3330895460986424,0.23766969877039815,1,0,1,85,38,100,75
12,17415,12957,7557,0.25598621877691646,0.4339362618432386,1,1,1,69,69,100,78
6,17232,9340,914,0.45798514391829154,0.05304085422469824,1,1,1,100,84,100,95
11,38593,33709,10610,0.1265514471536289,0.27492032233824787,1,0,0,72,40,69,61
13,52074,38853,9863,0.25388869685447635,0.18940354111456773,0,0,1,70,42,70,61
7,12818,8932,4630,0.3031674208144796,0.361210797316274,1,1,0,77,66,71,72
3,16980,13097,7086,0.22868080094228505,0.41731448763250883,1,1,0,70,67,73,70
8,41247,35263,17943,0.14507721773704754,0.43501345552403814,1,1,1,68,72,100,79
3,47119,36754,9200,0.21997495702370592,0.19525032364863432,0,0,1,63,53,59,59
3,45523,43439,4101,0.04577905674054873,0.09008632998703951,0,0,1,58,47,62,56
13,39350,34925,12847,0.11245235069885642,0.3264803049555273,1,0,1,71,32,100,68
14,25325,21391,8432,0.1553405725567621,0.33295162882527146,0,0,1,61,43,65,57
14,40047,28409,16222,0.2906085349714086,0.4050740380053437,1,1,1,67,71,95,77
8,36991,38139,4701,-0.03103457597794058,0.12708496661350058,1,0,0,60,43,71,58
6,11440,5968,3885,0.4783216783216783,0.3395979020979021,1,1,0,94,70,80,83
13,21071,21865,5206,-0.03768212234825115,0.24706943192064923,1,1,0,53,67,70,62
3,34017,31539,3552,0.07284592997618837,0.10441837904577123,1,0,0,61,50,67,60
11,40369,22563,17022,0.44108102752111766,0.4216601847952637,1,1,0,90,81,72,82
13,57629,38592,6250,0.33033715663988616,0.10845234170296204,1,1,1,88,73,99,87
15,25497,16873,5447,0.338235870886771,0.21363297642859944,0,1,1,82,65,68,73
14,58452,46683,23119,0.20134469308150277,0.3955211113392185,0,1,1,64,61,73,66
9,54002,42297,15928,0.21675123143587274,0.2949520388133773,0,0,0,64,31,43,47
11,17820,10714,3187,0.3987654320987654,0.17884399551066218,1,0,0,94,56,71,76
11,38302,39280,10598,-0.025533914678084694,0.27669573390423474,0,1,1,58,67,63,62
3,12523,9502,759,0.2412361255290266,0.06060848039607123,1,1,0,91,70,76,80
13,51371,51773,18171,-0.007825426797220222,0.3537209709758424,0,1,0,36,63,29,42
13,55126,52601,17930,0.04580415774770526,0.3252548706599427,1,0,0,55,39,65,53
12,10200,8247,2948,0.19147058823529411,0.28901960784313724,0,0,0,60,34,28,43
14,45755,31038,19422,0.32164790733253196,0.4244781991039231,1,0,1,80,35,100,72
5,49025,44302,14498,0.0963386027536971,0.2957266700662927,1,0,1,68,41,94,68
10,23792,24621,4192,-0.03484364492266308,0.1761936785474109,1,0,1,66,37,89,64
10,32318,17572,9275,0.456278235039297,0.28699176929265424,0,0,1,85,58,74,73
6,29821,23353,751,0.216894135005533,0.025183595452868784,0,0,0,81,53,35,59
7,32947,30104,9243,0.08629010228548882,0.28054147570340243,1,1,1,54,69,100,72
8,21312,15663,5626,0.2650619369369369,0.2639827327327327,1,0,0,77,50,68,66
12,24104,19026,9521,0.21067042814470627,0.3949966810487886,1,1,1,71,71,100,80
11,50061,24451,17668,0.5115758774295359,0.3529294261001578,0,0,0,90,54,43,65
12,49794,44255,20702,0.11123830180343013,0.41575290195605896,1,1,0,66,60,72,66
9,13178,8986,3826,0.3181059341326453,0.29033237213537716,1,0,0,70,49,70,64
10,11677,10470,577,0.10336559047700608,0.0494133767234735,0,0,1,74,51,67,65
4,52854,54113,9687,-0.02382033526317781,0.18327846520603927,0,0,1,47,45,68,53
9,57519,35054,23087,0.3905665953858725,0.4013804134286062,0,1,0,70,66,43,61
15,29389,14195,10889,0.5169961550239885,0.37051277688931233,1,1,1,93,70,100,88
15,48541,31521,8575,0.35063142498094396,0.1766547866751818,0,0,1,72,47,68,64
3,28202,27263,6396,0.03329551095666974,0.22679242606907313,1,0,0,52,43,69,54
15,29261,25790,702,0.11862205666245172,0.02399097775195653,1,1,1,85,63,100,83
7,27734,21275,8579,0.2328910362731665,0.3093315064541718,0,0,0,63,45,36,49
13,40492,37678,6907,0.06949520893015905,0.17057690407981824,1,0,0,59,43,60,55
13,46954,25589,10344,0.45501980661924435,0.2203007198534736,1,0,1,100,51,100,85
9,26369,25243,6937,0.042701657249042436,0.26307406424210245,1,0,0,59,45,75,60
14,21739,16965,5273,0.2196053176319058,0.24255945535673215,0,1,1,65,66,67,66
10,47186,36936,19578,0.21722544822616877,0.4149112024753105,1,1,0,71,78,72,73
15,24268,21694,6316,0.10606560079116532,0.26026042525135984,0,0,1,65,38,62,56
14,41999,37183,7742,0.11466939689040215,0.18433772232672208,1,1,1,69,68,100,78
8,37840,23806,16324,0.370877378435518,0.4313953488372093,1,1,0,78,72,76,75
8,50465,26292,22688,0.4790052511641732,0.4495789160804518,0,0,0,81,48,49,61
5,49974,44026,14660,0.11902189138351943,0.2933525433225277,1,0,0,62,36,75,58
15,43185,25559,12486,0.40815097834896374,0.2891281695032998,1,0,1,82,40,100,75
9,46469,24654,11900,0.4694527534485356,0.256084701629043,1,1,0,100,76,69,83
5,32464,19240,8869,0.4073435189748645,0.2731949236076885,1,1,0,89,78,70,80
7,17194,10802,3077,0.37175758985692686,0.17895777596836104,1,0,1,100,47,100,84
9,52872,39904,14119,0.2452715993342412,0.26704115599939476,1,1,0,78,70,65,72
14,58629,58843,18513,-0.0036500707840829622,0.3157652356342424,0,0,1,41,36,58,45
10,15693,10943,2219,0.30268272478174985,0.14140062448225324,1,1,0,88,79,73,81
14,27178,16970,9883,0.3755979100743248,0.3636397085878284,1,0,0,86,46,83,73
15,52317,36410,16538,0.30405030869507044,0.3161113978247988,0,1,1,73,78,66,72
14,32187,29383,8496,0.08711591636374934,0.2639574983689067,1,0,0,65,39,60,56
6,36157,23211,8605,0.3580496169483088,0.23798987747877312,1,1,1,86,79,98,87
3,11010,5769,4264,0.4760217983651226,0.38728428701180745,0,0,0,84,51,47,63
13,31621,22433,1850,0.29056639574966003,0.0585054236108915,1,0,0,84,49,76,71
3,21986,17705,1776,0.1947148185208769,0.08077867734012553,0,0,1,72,42,70,63
8,32088,24244,2746,0.24445275492395913,0.08557716280229369,1,0,0,72,51,69,65
14,17920,14809,5546,0.17360491071428572,0.30948660714285714,1,0,0,65,41,71,60
12,47322,44925,20409,0.050652973247115506,0.4312793204006593,1,0,1,50,31,100,59
15,23685,18766,6822,0.2076841883048343,0.28803039898670046,0,0,1,68,36,62,56
9,31947,32279,11689,-0.010392212101292765,0.3658872507590697,0,1,0,41,66,37,47
11,43235,39641,5503,0.08312709610269457,0.12728113796692495,1,0,1,66,50,100,71
9,55838,40766,2397,0.269923707869193,0.04292775529209499,0,0,1,72,53,66,64
14,24990,13980,6592,0.44057623049219685,0.26378551420568225,0,1,0,87,74,41,69
10,45151,25785,12548,0.42891630307191425,0.27791189563907776,0,1,0,92,64,47,70
6,29089,21225,7319,0.27034274124239405,0.25160713671834717,1,1,0,78,77,66,74
3,34275,17681,14868,0.48414296134208606,0.4337855579868709,1,1,1,90,78,100,89
12,40332,24552,8532,0.39125260339184764,0.21154418327878607,0,0,1,89,42,74,70
14,55658,45199,3906,0.1879154838477847,0.07017859067878832,0,0,1,72,50,71,65
14,13564,10860,1282,0.19935122382777942,0.09451489236213506,0,1,0,69,72,26,57
15,33752,25878,5711,0.23328987911827448,0.16920478786442286,1,1,0,72,74,67,71
10,28580,26181,2478,0.08393981805458363,0.08670398880335899,1,0,1,69,42,100,70
14,47538,22713,7545,0.5222138079010475,0.15871513315663258,1,0,0,100,40,82,76
11,24374,12519,8070,0.48637892836629193,0.3310905062771806,0,0,0,89,53,43,64
4,9428,4770,1309,0.49406024607551974,0.13884174798472634,1,0,0,99,54,78,79
9,40514,19197,13041,0.5261637952312781,0.32188872982179,1,0,1,97,49,100,84
3,13748,10769,3637,0.21668606342740762,0.2645475705557172,0,1,0,70,74,35,61
10,43685,45264,16381,-0.03614512990729083,0.37497997024150165,1,1,1,52,69,100,71
8,58255,41468,5730,0.28816410608531456,0.09836065573770492,0,0,0,65,43,43,52
12,28840,24734,10192,0.14237170596393897,0.3533980582524272,0,1,0,55,67,37,53
6,47430,28512,1153,0.39886148007590133,0.024309508749736454,1,0,1,100,43,100,83
15,15269,15493,3489,-0.014670246905494793,0.22850219398781846,0,1,1,51,65,67,60
8,19416,20323,6346,-0.046714050267820356,0.32684384013185,0,0,1,38,49,73,52
5,29703,15915,4399,0.4641955358044642,0.1480995185671481,1,1,0,100,85,77,88
15,15080,6806,894,0.5486737400530504,0.05928381962864721,1,1,1,100,79,100,94
13,57692,40744,5829,0.2937669000901338,0.1010365388615406,1,0,0,82,41,76,68
4,30147,29384,12042,0.02530931767671742,0.39944273061996216,0,1,0,45,61,42,49
11,55319,42277,22146,0.23575986550733022,0.40033261628012073,1,1,0,63,71,73,68
4,9686,6053,1199,0.3750774313442081,0.12378690894073921,1,0,1,99,50,100,85
11,33396,21086,6578,0.36860701880464725,0.19696969696969696,1,1,0,87,77,70,79
15,53643,46010,3668,0.14229256380142796,0.06837798035158361,0,1,1,72,73,69,71
10,45533,28210,16106,0.38044934443151124,0.353721476731162,1,0,1,87,56,100,82
15,37428,22506,16049,0.3986854761141391,0.4287966228492038,0,0,0,68,47,45,55
14,12391,6287,3679,0.49261560810265514,0.29690904688887093,1,1,1,100,77,100,93
12,46530,40031,3783,0.13967332903503116,0.0813023855577047,0,0,1,72,47,67,63
9,17427,17971,5486,-0.03121592930510128,0.3147988753084294,1,0,1,58,30,94,60
10,53625,46572,3718,0.13152447552447552,0.06933333333333333,0,0,1,75,51,65,65
6,36948,23552,15465,0.3625636029013749,0.4185612211757064,1,1,1,89,70,100,87
11,45268,21318,6193,0.5290713086507025,0.13680745780683926,0,0,0,91,43,43,62
4,52641,24689,8427,0.5309929522615452,0.1600843449022625,1,1,1,100,90,100,97
5,45503,46029,7522,-0.011559677383908753,0.1653077819044898,0,0,0,45,52,36,44
7,47868,47921,10509,-0.0011072114982869558,0.21954123840561543,1,1,1,65,66,97,75
12,14705,6737,4690,0.5418565113906835,0.3189391363481809,1,1,1,100,76,100,93
13,54602,55771,21847,-0.02140947218050621,0.4001135489542508,1,0,0,47,37,65,50
3,50952,39225,10186,0.23015779557230334,0.19991364421416236,1,1,1,79,79,91,82
6,52978,41358,21416,0.21933632828721356,0.40424327079164935,1,1,1,75,60,100,78
13,29996,16424,4141,0.45246032804373915,0.13805174023203093,1,0,1,95,47,100,82
3,49575,41430,19515,0.1642965204236006,0.3936459909228442,0,1,0,55,69,34,53
9,45316,35385,5193,0.2191499691058346,0.11459528643304794,1,0,0,77,41,73,65
15,18383,16293,6932,0.11369199804166893,0.3770875265190665,0,0,1,57,40,66,55
8,57600,38409,1087,0.33317708333333335,0.01887152777777778,0,0,0,85,48,41,61
3,27542,21922,7969,0.20405199331929416,0.2893399172173408,1,1,0,57,71,69,65
14,16598,10929,6513,0.3415471743583564,0.3923966742981082,0,0,0,67,36,44,51
3,11161,10672,1448,0.04381327838007347,0.12973747872054475,1,1,1,62,74,97,76
11,25693,21764,10422,0.15292102907406688,0.40563577628147746,0,1,0,54,59,37,51
15,25235,24978,9071,0.010184267881910045,0.35946106597979,0,1,1,45,59,71,57
3,8835,4704,952,0.467572156196944,0.10775325410299944,1,0,0,100,57,70,78
9,56400,32975,3612,0.4153368794326241,0.06404255319148937,0,0,0,90,52,50,66
4,32420,25819,3496,0.20360888340530536,0.10783466995681679,0,1,1,78,70,75,75
15,18930,10370,1585,0.45219228737453776,0.08372952984680401,0,0,0,89,55,37,63
8,48065,22573,4781,0.530365130552377,0.09946946842817019,1,1,0,100,85,77,89
13,30170,30585,9070,-0.013755386145177328,0.3006297646668876,0,1,0,43,64,36,47
5,41132,33886,16747,0.1761645434211806,0.407152581931343,0,0,1,57,38,68,55
6,13166,9684,4138,0.26446908704238187,0.3142943946528938,1,0,1,78,46,95,74
11,43985,19798,3478,0.5498920086393089,0.07907241104922133,1,0,1,100,51,100,85
12,47318,36796,12404,0.22236780929033348,0.2621412570269242,1,0,0,76,35,76,63
11,32503,18109,1250,0.4428514290988524,0.038457988493369843,0,1,0,100,81,39,76
9,22128,17445,3622,0.21163232104121474,0.16368402024584236,1,0,1,81,54,100,78
10,8284,8071,3515,0.02571221632061806,0.4243119266055046,0,1,1,36,67,71,56
12,53384,49003,8634,0.08206578750187322,0.16173385283980218,1,1,1,76,64,100,79
7,53973,42237,10786,0.2174420543605136,0.19984066107127638,0,0,0,68,43,46,54
14,49738,32945,4281,0.3376291768868873,0.08607101210342193,1,1,1,100,76,100,93
4,9656,7465,1095,0.22690555095277548,0.1134009942004971,0,0,0,61,52,39,52
10,14716,10297,6581,0.3002854036422941,0.4472003261755912,1,0,1,79,43,100,74
11,11525,5292,2558,0.540824295010846,0.2219522776572668,0,1,0,98,82,41,76
13,12880,7327,1923,0.4311335403726708,0.14930124223602484,0,1,0,85,69,38,66
14,18145,8819,1759,0.5139707908514742,0.0969413061449435,1,0,1,100,44,100,83
5,42118,21187,17052,0.4969609193219051,0.4048625290849518,0,1,1,83,74,71,77
15,48519,39216,16060,0.19173931861744883,0.3310043488118057,0,0,1,59,39,74,57
11,55446,43485,1309,0.21572340655773184,0.02360855607257512,1,1,1,79,85,100,87
13,35800,19515,3868,0.4548882681564246,0.10804469273743017,1,0,0,94,56,73,76
8,9106,7287,3257,0.19975840105424994,0.35767625741269493,0,0,0,65,45,42,52
4,26449,24440,7670,0.07595750311921055,0.2899920601913116,1,1,0,59,65,74,65
13,17442,12731,6048,0.27009517257195276,0.34674922600619196,1,0,0,76,47,69,65
13,41590,23382,5774,0.43779754748737676,0.13883144986775667,0,0,1,88,50,75,73
8,31405,18333,11498,0.4162394523165101,0.3661200445788887,0,0,1,92,46,73,72
12,17987,17360,5143,0.03485850892311113,0.28592872630232946,1,1,1,56,74,99,74
8,16801,12992,4431,0.2267126956728766,0.26373430152967087,1,1,1,82,64,95,81
5,43298,25920,9125,0.4013580303940136,0.2107487643771075,0,0,0,90,58,44,66
3,44149,28406,18308,0.3565879181861424,0.41468662936872863,1,0,1,74,52,96,74
4,34003,27224,8727,0.19936476193277064,0.2566538246625298,0,0,0,66,39,42,51
5,56229,56989,12257,-0.013516157143111206,0.21798360276725534,0,0,1,47,34,66,49
9,38780,32348,2021,0.16585869004641568,0.052114492006188756,0,1,0,71,72,29,59
8,46514,42339,3050,0.08975792234596036,0.06557165584555187,1,1,0,69,80,68,72
11,17107,14905,1856,0.1287192377389373,0.10849359911147484,0,0,1,63,41,63,56
15,29641,17051,8389,0.42474950237846226,0.28302014102088324,1,1,0,91,70,66,77
5,49257,38963,1784,0.2089855249000142,0.036218202488986335,0,0,0,69,50,44,56
7,13619,7902,4179,0.41978118804611203,0.3068507232542771,1,1,0,84,71,79,79
11,25335,14147,6114,0.44160252614959544,0.24132622853759622,1,0,0,91,57,81,78
11,40986,22293,3553,0.45608256477821696,0.08668813741277509,1,0,0,100,52,74,78
15,39596,30310,11985,0.2345186382462875,0.30268208909990907,0,1,0,55,68,39,54
9,50896,29634,10851,0.41775385099025464,0.21319946557686262,1,1,0,83,79,67,77
15,21349,16377,9545,0.232891470326479,0.44709354068106233,1,0,1,72,39,96,69
15,53830,55327,5801,-0.027809771502879436,0.1077651866988668,0,0,1,65,38,58,55
13,8346,4501,1095,0.46069973640067097,0.13120057512580877,1,1,0,93,80,78,85
15,19486,19258,8599,0.011700708200759519,0.4412911834137329,1,0,0,49,35,72,51
13,10363,7609,2459,0.2657531602817717,0.23728650004824858,0,0,0,67,44,41,53
4,44018,29130,18821,0.33822527147984915,0.4275750829206234,1,1,1,80,74,100,84
4,41638,27181,18126,0.34720687833229263,0.435323502569768,1,1,1,84,73,100,85
4,24896,12309,6769,0.5055832262210797,0.27189106683804626,0,0,1,91,54,70,74
9,52151,48003,11706,0.07953826388755729,0.2244635769208644,0,0,1,56,44,56,52
6,56197,41151,9196,0.26773671192412407,0.16363862839653362,0,0,0,66,56,37,55
12,26004,19742,3496,0.24080910629133978,0.134440855253038,1,1,0,81,74,61,73
15,19455,16244,2472,0.16504754561809304,0.12706245181187356,1,1,0,74,69,70,71
10,48179,32922,12490,0.3166732393781523,0.2592415782809938,0,1,1,69,69,67,68
5,45741,43062,7989,0.05856889879976389,0.17465730963468223,0,1,0,57,75,29,54
5,49330,39139,17997,0.20658828299209406,0.36482870464220557,1,1,1,68,59,97,74
11,24889,16838,824,0.3234762344810961,0.033106995058057774,1,0,1,87,53,100,81
13,41452,34627,15145,0.16464826787609765,0.36536234681076907,0,1,1,53,75,74,66
12,45462,33720,2837,0.25828164181074303,0.062403765782411684,0,0,1,75,45,71,65
10,59181,50431,25007,0.14785150639563374,0.4225511566212129,1,1,0,67,76,62,68
15,13455,6905,2650,0.4868078781122259,0.19695280564845782,0,0,1,91,41,77,72
10,38617,35090,9426,0.09133283269026594,0.24408939068285987,1,0,0,64,41,72,59
10,43367,26957,3434,0.37839832130421747,0.07918463347706782,1,1,1,96,84,99,93
14,40239,33739,10317,0.16153482939436864,0.25639305151718483,0,1,1,68,67,73,69
6,18700,18998,3692,-0.015935828877005346,0.1974331550802139,1,0,1,49,42,100,62
7,26656,22619,9215,0.15144807923169268,0.34570078031212487,1,1,0,67,66,71,68
12,40243,24262,11006,0.39711254131153245,0.273488557016127,0,0,0,85,41,38,58
10,32339,29746,11918,0.08018182380407557,0.36853334982528835,0,1,0,42,59,34,45
3,21053,17023,2039,0.1914216501211229,0.09685080511091056,0,1,1,74,72,68,72
13,27583,18923,6405,0.3139614980241453,0.23220824420838923,0,0,0,70,45,42,54
14,47073,26260,12669,0.4421430544048605,0.269135173029125,0,0,0,83,48,40,60
11,59869,33979,4623,0.43244416977066596,0.07721859393008068,1,0,1,100,52,100,86
5,24429,11639,8451,0.5235580662327561,0.3459412992754513,1,1,1,96,75,93,89
11,18508,9456,4851,0.4890858007348174,0.26210287443267777,0,1,1,97,77,73,84
3,48614,49952,12430,-0.027522935779816515,0.2556876619903731,0,1,0,47,66,35,49
12,26555,17234,7214,0.35100734324985877,0.2716625870834118,1,0,0,84,49,76,71
10,20557,10867,1021,0.47137228194775505,0.04966678017220411,1,1,1,100,83,99,95
9,32187,16394,13994,0.49066393264361385,0.4347718022804238,1,0,0,84,45,73,69
13,24302,20274,10745,0.16574767508847008,0.442144679450251,0,1,0,59,70,37,56
15,19822,17929,7079,0.09549994955100394,0.35712844314398146,1,0,1,68,40,96,68
11,22019,16053,9515,0.2709478177937236,0.43212679958217903,1,1,1,74,72,99,81
8,9422,9889,3868,-0.049564848227552534,0.4105285502016557,1,0,0,38,31,67,45
15,27680,15467,9846,0.44122109826589595,0.35570809248554913,1,0,0,97,46,82,77
7,10449,10688,3625,-0.022873002201167576,0.3469231505407216,0,0,1,38,33,69,46
13,47472,21736,21271,0.5421300977418267,0.4480746545331985,1,0,1,98,47,100,83
13,55944,50921,15101,0.08978621478621479,0.26993064493064495,0,0,1,54,39,65,53
11,36474,20685,12985,0.4328836979766409,0.3560070186982508,0,1,0,79,69,44,66
4,25449,24178,7546,0.04994302330150497,0.2965145978230972,1,0,0,59,39,69,56
7,19092,14320,5548,0.2499476220406453,0.29059291849989527,1,0,1,74,40,100,72
11,57175,42679,18483,0.2535373852208133,0.32327066025360734,1,0,0,62,44,66,58
14,48498,30713,2239,0.3667161532434327,0.04616685224132954,1,0,0,91,56,81,78
6,32949,31490,12127,0.04428055479680719,0.36805365868463386,0,1,1,57,62,61,59
3,10605,6798,2997,0.358981612446959,0.2826025459688826,1,1,1,90,83,97,90
9,9931,9014,4387,0.09233712617057697,0.44174806162521396,1,0,0,53,40,79,57
9,23752,20074,3002,0.1548501178848097,0.12638935668575277,1,1,1,75,78,100,83
5,28250,17143,7546,0.39316814159292035,0.2671150442477876,0,0,1,75,52,74,68
3,58163,47058,14067,0.19092894107938035,0.24185478740780222,1,1,1,87,78,96,87
5,20107,9477,4872,0.5286716069030686,0.24230367533694733,0,0,0,94,57,43,68
14,50570,35009,6528,0.3077120822622108,0.12908839232746688,1,1,1,85,69,100,85
10,24173,17882,7133,0.26024903818309686,0.29508128904149256,0,1,1,56,76,73,67
3,42121,22536,15298,0.46496996747465635,0.36319175708079104,1,0,0,90,55,74,75
3,20442,13968,7701,0.31670090989140004,0.37672439095978866,1,1,1,80,75,100,85
13,37602,19883,16905,0.4712249348438913,0.44957715015158767,0,0,0,78,37,38,54
14,18747,10460,1247,0.4420440603829946,0.06651730943617645,0,1,1,95,77,67,82
13,17836,10682,7617,0.4010989010989011,0.4270576362413097,0,0,0,73,47,42,56
5,21294,9639,4646,0.5473372781065089,0.21818352587583356,0,1,1,100,77,73,85
4,47401,40994,715,0.13516592476951964,0.015084069956330035,0,1,0,67,85,41,65
4,11213,5937,3915,0.4705252831534826,0.34914830999732455,0,0,1,90,54,67,72
12,31605,15396,2025,0.5128618889416232,0.06407214048410062,1,1,1,100,79,100,94
3,15163,15489,1218,-0.021499703224955483,0.08032711204906681,1,1,1,64,70,98,76
13,40619,34416,6395,0.1527117851251877,0.15743863709101652,0,1,0,64,77,34,59
13,21915,10046,3796,0.5415925165411818,0.1732146931325576,1,1,0,100,81,80,88
3,19510,11957,5915,0.38713480266529987,0.30317785750896975,1,1,1,96,77,100,92
8,38308,30802,2335,0.19593818523545994,0.060953325676098985,1,1,0,70,84,68,73
15,57252,45966,23610,0.19712848459442464,0.4123873401802557,1,0,1,68,31,100,66
7,19469,10599,6631,0.4555960758128307,0.34059273717191435,0,0,0,81,50,46,61
15,29452,17948,13107,0.3906016569333152,0.44502920005432567,0,0,0,76,43,45,57
4,29842,28726,1255,0.03739695730849139,0.04205482206286442,0,1,0,58,78,32,56
8,58645,55298,22491,0.05707221417000597,0.3835109557507034,0,1,0,43,76,28,49
11,28872,21873,2819,0.24241479634247715,0.0976378498198947,1,0,0,71,45,65,61
13,11306,5954,3642,0.47337696798160267,0.32212984256147176,0,0,1,85,56,75,73
8,28476,23703,3746,0.16761483354403708,0.13154937491220678,0,1,0,67,70,42,60
6,17418,17945,2613,-0.030256056952577794,0.15001722356183259,1,1,0,60,69,66,65
10,19193,13260,6790,0.3091231178033658,0.3537748137341739,1,0,0,74,39,66,61
10,34267,34770,7273,-0.014678845536522019,0.21224501707181836,0,0,0,53,33,38,43
9,45172,46126,11713,-0.02111927742849553,0.2592977950943062,0,0,0,51,43,36,44
4,37177,22501,5546,0.3947602011996665,0.14917825537294563,1,0,0,95,56,74,77
6,17104,17211,6684,-0.006255846585594013,0.3907857811038354,0,0,0,40,40,27,36
13,27958,26826,12260,0.04048930538665141,0.4385149152299878,1,0,0,53,29,61,48
12,33838,25651,12161,0.24194692357704356,0.3593888527690762,1,1,1,74,66,100,80
8,35343,20959,5226,0.40698299521828935,0.1478652066887361,0,0,0,88,43,40,60
15,53573,43912,14449,0.1803333768876113,0.2697067552685121,0,1,1,66,64,70,66
14,23515,22248,8720,0.053880501807357005,0.3708271316181161,1,1,1,58,80,99,77
15,59044,44881,15735,0.23987195989431612,0.266496172346047,0,0,0,65,44,37,50
8,43063,44888,853,-0.04237976917539419,0.0198081880036226,1,1,1,64,69,100,76
7,55642,42106,2512,0.24326947270047805,0.045145753208008337,1,0,0,84,50,65,68
7,24839,11409,2327,0.5406819920286646,0.09368332058456459,0,0,1,100,60,67,78
3,30468,16475,2876,0.4592687409741368,0.0943941184193252,0,1,1,98,81,63,82
8,11560,10463,2665,0.0948961937716263,0.2305363321799308,0,0,0,54,39,41,46
13,54242,37189,16051,0.3143873750967885,0.2959146049186977,1,0,1,82,36,100,74
7,14440,10681,5860,0.2603185595567867,0.40581717451523547,1,1,0,76,68,73,73
11,8693,3980,3906,0.5421603589094673,0.4493270447486483,0,0,1,89,47,77,73
4,13661,8275,3579,0.39426103506331894,0.26198667740282555,0,0,0,75,55,34,57
15,58470,47505,8932,0.1875320677270395,0.15276210022233624,0,0,1,73,38,73,63
10,12548,9674,2143,0.22904048453936882,0.17078418871533313,1,0,1,73,46,94,71
7,14769,7217,1097,0.5113413230415058,0.07427720224795178,0,1,1,92,78,68,81
9,45659,20667,17388,0.5473619658774831,0.3808230578856304,1,1,1,97,76,100,92
4,45174,37868,12261,0.16173019878691283,0.27141718687740735,1,1,1,73,77,97,81
11,10577,7906,2064,0.25252907251583623,0.19514039897891652,1,1,0,79,65,73,73
6,9662,9204,1476,0.04740219416269923,0.15276340302214864,1,1,0,69,71,61,67
8,59627,29637,13787,0.5029600684253778,0.23122075569792208,0,0,1,95,51,76,76
3,38881,37758,2000,0.028883001980401737,0.05143900619840025,0,0,0,48,44,40,44
4,15482,15111,5374,0.023963312233561556,0.3471127761271154,0,0,0,42,40,41,41
8,12143,6453,2743,0.4685827225562052,0.2258914601004694,0,1,0,91,74,50,73
15,18338,8508,7705,0.5360453702693859,0.4201657759842949,1,0,0,98,37,80,74
5,21510,12023,4939,0.44105067410506743,0.2296141329614133,1,1,0,100,80,79,88
8,35445,16099,9637,0.5458033573141486,0.2718860205952885,0,0,0,99,53,39,67
10,40605,24049,5735,0.40773303780322623,0.14123876369905183,0,0,1,85,45,71,69
6,55277,54025,19921,0.022649564918501366,0.3603849702407873,1,1,0,50,64,66,59
6,12818,9626,5293,0.24902480886253706,0.41293493524730845,1,0,1,73,33,98,68
14,45268,22324,9694,0.5068481046213661,0.2141468587081382,0,0,1,94,36,77,72
13,48077,27202,19443,0.43419930528111156,0.4044137529379953,0,0,1,88,48,79,73
6,24241,16270,7614,0.32882306835526587,0.3140959531372468,0,0,0,71,48,35,53
14,14422,13901,4557,0.036125364027180695,0.3159755928442657,0,0,0,50,30,30,38
12,56974,27237,15404,0.5219398322041633,0.27036894021834523,1,0,1,100,47,100,84
15,25680,22992,10535,0.10467289719626169,0.4102414330218069,0,0,1,56,30,65,51
11,54194,26582,18874,0.5095028969996679,0.3482673358674392,0,0,1,88,47,89,76
6,57359,40585,11000,0.29243885004968706,0.19177461252811243,1,1,1,83,74,100,86
14,42858,41512,17960,0.03140603854589575,0.41905828550095664,1,1,1,55,65,91,69
10,17863,11384,4765,0.36270503274925825,0.2667525051783015,0,1,1,89,72,69,78
7,20390,10206,861,0.4994605198626778,0.04222658165767533,0,1,1,100,90,76,90
11,37180,31738,5482,0.14636901559978482,0.14744486282947822,0,1,0,65,71,41,60
7,37879,22496,5768,0.40610892579001556,0.15227434726365532,1,0,0,100,54,71,78
7,32226,20546,3861,0.3624402656240303,0.1198100912306833,0,1,1,80,81,72,78
7,57424,35479,19021,0.3821572861521315,0.33123780997492336,1,1,0,77,74,78,76
4,29388,15027,10463,0.48866884442629643,0.3560296719749558,0,0,1,85,60,71,73
12,47654,38206,2336,0.19826247534309815,0.04902001930582952,1,1,0,81,73,68,75
10,44767,23015,7567,0.48589362700203276,0.1690307592646369,1,1,1,93,89,100,94
6,27872,28094,9106,-0.007964982778415614,0.32670780711825487,1,0,1,49,45,99,63
15,16973,10901,2023,0.3577446532728451,0.11918930065397985,1,1,1,97,73,100,91
13,51641,52489,9926,-0.016421060785035146,0.19221161480219207,1,0,1,69,35,98,67
10,45065,34568,8951,0.23293021191612115,0.19862420947520248,1,0,1,80,51,95,76
14,16879,13450,1837,0.2031518454884768,0.10883346169796788,0,1,1,65,68,72,68
11,20701,19604,3502,0.05299260905270277,0.1691705714699773,0,0,1,60,47,58,55
5,8845,5101,2622,0.42328999434708875,0.29643866591294515,1,1,1,83,75,100,86
15,44612,40175,17724,0.09945754505514211,0.3972922083744284,0,1,1,49,55,60,54
4,22572,12265,2832,0.4566276803118908,0.12546517809675706,0,1,0,87,82,45,73
10,15793,11251,854,0.28759577027797123,0.0540745900082315,0,1,0,88,84,44,73
8,9917,5205,1096,0.4751436926489866,0.11051729353635172,1,1,1,98,85,100,95
12,58019,27024,17828,0.534221548113549,0.30727865009738187,0,0,1,82,56,75,72
13,15033,9727,3406,0.352956828311049,0.2265682165901683,1,1,0,85,77,72,79
10,57956,49754,23592,0.14152115397888054,0.4070674304644903,1,0,0,59,37,68,55
7,36046,22406,14537,0.37840537091494203,0.4032902402485713,0,1,1,77,74,69,73
4,56590,36522,2620,0.3546209577663898,0.04629793249690758,1,0,1,94,52,100,83
12,25889,24041,11048,0.07138166788983738,0.42674494959249104,1,1,1,53,58,100,68
3,19737,15150,5856,0.23240614075087399,0.2967016263869889,0,1,0,71,74,38,62
10,40129,34599,9074,0.13780557701412943,0.22612076054723518,1,0,0,61,50,75,62
14,18757,16492,4028,0.12075491816388548,0.21474649464200032,0,1,1,62,71,71,67
10,44847,25302,17103,0.43581510468927687,0.3813633018931032,0,1,1,81,79,78,79
3,46696,22491,4700,0.5183527497001884,0.1006510193592599,1,1,0,100,82,82,89
3,51335,31102,8613,0.39413655400798675,0.16778026687445213,0,1,0,80,74,38,66
12,41735,32580,9236,0.2193602491913262,0.2213010662513478,0,1,0,73,69,41,62
13,21494,15176,8638,0.2939424955801619,0.40187959430538756,1,0,1,76,40,100,72
3,27485,25541,4200,0.07072948881207931,0.15281062397671458,0,0,1,55,44,65,55
7,41072,28309,14685,0.31074698091156994,0.3575428515777172,1,0,1,79,45,100,75
12,40715,25299,15812,0.37863195382537146,0.38835809898071966,1,1,0,82,69,75,76
9,34886,26139,14593,0.25073095224445335,0.4183053373846242,0,0,1,63,34,66,55
5,20577,9712,4523,0.5280167176945133,0.2198085240802838,1,1,1,100,84,100,95
7,59751,45091,22083,0.24535154223360278,0.3695837726565246,0,0,1,72,43,82,66
9,55463,34169,8234,0.3839316300957395,0.14845933324919316,0,0,1,86,56,61,70
14,33555,22830,7428,0.3196244970943228,0.22136790344210996,0,0,0,74,45,37,54
13,24144,15414,2874,0.3615805168986084,0.11903578528827037,1,1,1,100,79,100,94
14,31780,18300,9263,0.42416614222781623,0.29147262429200754,0,1,1,88,76,71,79
15,58249,52838,1610,0.0928942986145685,0.02763995948428299,1,0,1,74,50,100,74
11,12349,8439,3947,0.31662482792128915,0.3196210219450968,1,1,0,85,69,68,75
12,13389,6932,1792,0.48226155799536935,0.13384121293599224,0,0,1,99,51,66,75
8,26467,15164,1882,0.4270601125930404,0.07110741678316394,1,1,0,95,89,75,87
6,13831,13799,2124,0.002313643265129058,0.1535680717229412,1,0,0,56,40,60,53
10,52145,39657,4383,0.23948604851855404,0.08405407996931633,0,0,0,65,48,35,51
7,55625,37441,14207,0.3269033707865169,0.2554067415730337,0,1,0,70,71,41,62
10,16729,12824,6177,0.23342698308326856,0.3692390459680794,1,0,1,81,42,95,73
6,38863,29097,1991,0.25129300362812956,0.051231248230965185,0,1,1,76,80,65,74
8,38676,21726,3437,0.4382562829661806,0.08886648050470576,1,1,0,94,91,79,89
8,36186,25553,15291,0.2938429226772785,0.42256673851765875,1,1,1,77,77,100,84
13,49723,48531,14917,0.02397280936387587,0.30000201114172514,0,0,0,46,35,42,42
10,31364,32491,8449,-0.03593291671980615,0.2693852824894784,1,1,0,54,61,68,61
3,42472,44240,6416,-0.04162742512714259,0.15106423055189303,1,0,0,61,46,64,58
4,29203,18179,973,0.37749546279491836,0.033318494675204605,0,1,1,81,88,78,82
15,45300,24622,7426,0.45646799116997794,0.16392935982339957,0,1,1,100,75,67,83
6,58520,52477,3422,0.10326384142173615,0.058475734791524264,0,0,0,60,42,46,51
7,52889,43575,4802,0.1761046720490083,0.09079392690351491,1,0,1,79,54,100,78
15,35691,28126,10557,0.21195819674427727,0.29578885433302515,0,1,1,59,70,76,68
13,42385,21824,10025,0.48510086115371004,0.23652235460658252,1,1,0,100,73,75,84
3,44109,22356,1977,0.4931646602734136,0.04482078487383527,0,1,1,89,85,70,82
11,9066,5012,3533,0.4471652327377013,0.3896977718949923,1,0,0,85,42,78,70
15,25371,17008,3566,0.3296283157936226,0.14055417602774822,0,0,0,83,44,36,57
10,38157,39839,13774,-0.04408103362423671,0.3609822575150038,1,1,1,58,67,89,70
5,50581,30683,14779,0.39338882188964236,0.2921848124789941,0,0,1,85,49,70,70
3,37459,36032,4475,0.03809498384900825,0.11946394724899223,0,1,1,62,77,66,68
10,34193,31314,8910,0.08419852016494604,0.2605796508057205,1,0,0,61,41,74,59
10,15663,15154,5601,0.03249696737534317,0.35759433058800993,1,1,1,51,63,95,68
13,30226,28951,2648,0.0421822272215973,0.0876066962217958,1,1,1,76,78,99,84
14,13648,11605,4455,0.14969226260257915,0.32642145369284875,0,0,0,50,37,36,42
13,18394,11139,7282,0.3944220941611395,0.3958899641187344,0,0,1,77,39,68,63
8,58421,29347,25734,0.49766351140856885,0.44049228873179164,1,0,0,89,53,66,71
15,14676,7291,4655,0.5032025074952303,0.31718451894249117,0,0,0,83,43,45,59
13,31837,25290,13921,0.20564123504099005,0.43725853566604894,0,0,0,56,41,42,47
11,19223,10046,2679,0.47739686833480727,0.1393643031784841,1,1,1,100,86,100,96
9,35093,29203,15213,0.16783974011911207,0.43350525745875246,1,1,0,60,73,64,65
9,58618,37147,14723,0.3662868061005152,0.25116858302910366,0,1,0,81,82,43,70
7,35479,29137,15012,0.1787536289072409,0.4231235378674709,1,1,1,70,73,94,78
15,48513,43195,14988,0.1096201018283759,0.30894811699956715,1,1,0,62,63,64,63
7,42166,30138,5743,0.285253521794811,0.13619978181473225,0,0,1,69,47,68,62
13,16175,14630,2940,0.0955177743431221,0.18176197836166924,0,1,1,70,68,65,68
15,54848,33854,23907,0.3827669194865811,0.43587733372228704,1,0,0,77,44,72,65
8,52356,40804,13697,0.2206432882573153,0.2616128046451219,1,1,1,80,68,100,82
14,41632,36072,4368,0.1335511145272867,0.10491929285165258,0,1,1,73,63,63,67
4,32344,24545,6635,0.24112663863467723,0.2051385110066782,1,1,1,85,81,98,88
14,40033,18082,4508,0.5483226338270927,0.11260709914320685,1,0,0,100,56,80,81
14,47695,25813,5039,0.4587902295838138,0.10565048747248139,1,1,1,91,67,100,87
9,30216,31324,1250,-0.03666931427058512,0.041368811225840615,1,1,0,69,74,71,71
4,50199,40917,3290,0.18490408175461662,0.06553915416641766,0,0,0,73,56,35,56
14,45981,35247,3273,0.23344424871142427,0.07118157499836889,1,1,0,79,70,62,71
9,24854,12675,2378,0.49002172688500845,0.09567876398165286,0,0,1,93,50,71,74
12,29318,19139,945,0.3471928508083771,0.03223275803260795,0,1,1,92,73,71,80
11,57308,58845,13117,-0.026819990228240387,0.22888601940392267,0,1,0,41,80,35,51
15,44353,41308,4614,0.06865375510112055,0.10402903974928415,1,1,1,59,71,91,72
10,10738,4840,4306,0.5492642950270069,0.4010057738871298,1,0,0,93,55,79,78
5,56443,29982,10351,0.4688092411813688,0.18338855128182413,0,1,0,99,76,36,73
8,30389,20576,8033,0.32291289611372537,0.26433907005824475,1,0,0,79,51,77,70
15,50539,44082,3040,0.12776271790102692,0.06015156611725598,0,1,0,57,72,25,52
14,8552,4870,2395,0.4305425631431244,0.28005144995322734,1,0,1,100,47,100,84
15,55042,39261,8176,0.28670833181933797,0.14854111405835543,1,1,0,84,63,72,74
11,20698,20124,3375,0.027732148033626437,0.16305923277611364,0,0,0,54,44,34,45
13,11398,7775,4043,0.3178627829443762,0.35471135286892436,1,1,0,81,65,76,75
7,35529,33434,7854,0.05896591516789102,0.22105885333108166,1,0,1,61,43,97,67
6,20902,12099,5894,0.4211558702516506,0.28198258539852644,1,0,0,82,46,79,70
6,12778,12104,5414,0.052746908749413055,0.4236969791829707,1,0,1,57,28,100,61
7,48025,42129,14650,0.1227693909422176,0.3050494534096825,0,0,0,55,41,40,47
12,59607,27518,15357,0.5383428120858288,0.2576375257939504,1,1,1,100,83,100,95
4,8805,8837,3421,-0.003634298693923907,0.38852924474730266,0,0,0,43,35,34,38
15,10888,5394,1545,0.5045922116091109,0.1418993387215283,1,1,1,91,78,100,90
8,8529,8078,2902,0.052878414820025796,0.3402509086645562,0,0,0,48,46,33,43
6,59463,31240,11691,0.47463128331903875,0.19660965642500378,0,1,1,94,83,67,82
15,10765,8906,2297,0.17268927078495122,0.21337668369716675,0,0,0,62,37,36,47
3,31777,14623,1708,0.5398244012965352,0.053749567297101675,1,0,0,100,70,71,83
6,25170,23103,3355,0.08212157330154947,0.13329360349622565,1,0,0,62,42,72,59
13,59603,34093,11588,0.42799859067496604,0.19441974397261882,0,1,1,77,71,69,73
13,24026,11567,10593,0.5185632231748939,0.440897361192042,0,1,0,82,78,36,67
13,48297,23858,5986,0.5060148663478062,0.12394144563844545,1,1,1,100,83,100,95
10,25585,21035,7069,0.17783857729138167,0.27629470392808286,0,0,0,67,42,37,50
5,32517,22972,9520,0.2935387643386536,0.29276993572592797,0,0,0,66,47,39,52
8,40606,28660,9446,0.2941929764074275,0.23262572033689602,1,0,0,79,45,72,67
7,22925,11928,2442,0.47969465648854964,0.10652126499454743,0,1,0,93,85,51,78
7,20493,20782,2758,-0.014102376421217,0.13458254037964182,1,0,1,58,54,100,69
14,57095,39446,16046,0.3091163849724144,0.2810403713109729,0,1,1,74,75,76,75
10,37489,35169,993,0.06188481954706714,0.0264877697457921,1,0,0,61,46,66,58
9,52942,48485,13717,0.0841864682104945,0.25909485852442293,1,1,0,62,71,62,65
10,15119,12190,5165,0.19372974403068985,0.3416231232224353,1,1,0,59,73,69,66
7,51225,40234,2793,0.21456320156173744,0.05452415812591508,1,0,1,84,55,97,79
11,35421,31610,12675,0.10759154174077525,0.357838570339629,0,1,0,48,66,36,50
7,46501,27576,16965,0.40698049504311734,0.3648308638523903,1,1,0,79,82,72,78
14,13970,11003,5794,0.21238367931281318,0.4147458840372226,1,1,1,65,70,93,75
9,38004,29705,6511,0.21837175034206927,0.1713240711504052,0,1,0,62,81,33,59
15,44229,23875,12582,0.46019579913631325,0.28447398765515836,0,0,1,87,47,70,70
6,33996,16535,675,0.5136192493234498,0.01985527709142252,1,0,0,100,57,75,80
10,17191,15448,7220,0.10139026234657669,0.4199872026060148,1,0,0,64,37,71,58
13,58042,26852,22696,0.5373694910581992,0.3910271872092623,1,0,1,97,39,100,81
4,33599,25222,7774,0.24932289651477724,0.2313759338075538,0,0,0,78,53,36,58
9,9831,4542,1880,0.5379920659139457,0.19123181771945885,0,0,0,100,57,44,70
8,44834,40713,6711,0.09191684882009189,0.1496855065352188,0,1,1,57,71,65,64
9,21943,17390,4106,0.2074921387230552,0.18712117759650002,0,1,1,67,74,77,72
12,19236,12783,8356,0.3354647535870243,0.43439384487419425,0,1,1,75,81,60,72
10,12424,8335,644,0.32912105602060526,0.05183515775917579,1,1,0,89,83,68,81
6,48616,24478,2463,0.49650320882014154,0.05066233338818496,0,1,1,97,94,70,88
13,59574,29403,17567,0.5064457649310101,0.29487695974754086,1,1,0,87,74,77,80
9,42175,29517,6514,0.30013040901007704,0.15445168938944873,1,0,0,76,46,63,63
15,21393,13497,8813,0.36909269387182725,0.4119571822558781,0,1,1,70,65,68,68
10,49654,28943,9408,0.4171063761227696,0.1894711402908124,1,0,1,95,51,100,83
15,39588,18463,12998,0.5336212993836517,0.32833181772254216,1,0,1,100,48,100,84
9,44840,40036,16256,0.1071364852809991,0.3625334522747547,0,1,0,54,67,35,52
14,32454,27188,8520,0.1622604301472854,0.26252542059530415,1,0,1,75,43,98,72
9,35789,24191,4470,0.32406605381541814,0.12489871189471626,1,0,1,94,56,98,84
13,17657,12111,2526,0.314096392365634,0.14305940986577562,0,0,0,83,52,47,63
11,20374,16097,3216,0.20992441346814567,0.15784823795032885,1,1,1,79,82,100,86
14,13824,8010,5711,0.4205729166666667,0.41312210648148145,1,0,1,87,46,100,78
5,19560,14940,3553,0.2361963190184049,0.18164621676891615,0,0,1,70,36,66,59
12,15156,9541,1153,0.3704803378200053,0.0760754816574294,1,0,1,95,38,100,80
15,25421,19400,8253,0.23685142205263365,0.32465284607214506,1,1,1,66,64,99,75
4,8202,7433,3360,0.09375762009266032,0.40965618141916604,1,0,0,63,34,73,57
12,52969,45426,16071,0.14240404765051257,0.3034038777398101,1,0,0,63,44,68,59
9,56444,30731,11914,0.4555488625894692,0.21107646516901707,1,1,0,97,78,74,84
14,41071,19521,4689,0.5247011273161111,0.1141681478415427,1,0,1,100,50,100,85
13,53869,27171,3956,0.49560971987599545,0.0734374129833485,1,0,0,100,50,80,79
13,16067,9454,4878,0.41158897118317045,0.3036036596751105,1,0,1,97,47,100,83
9,50855,43924,18912,0.13628945039819093,0.37188083767574476,1,0,0,59,37,70,55
4,45541,32543,4675,0.2854131441997321,0.10265475066423663,1,1,0,80,74,68,75
15,52518,54235,4638,-0.032693552686697894,0.08831257854449903,0,0,1,45,33,66,48
7,17559,8463,5406,0.5180249444729199,0.30787630275072614,1,1,0,83,82,71,79
9,11854,11971,3229,-0.009870086046903998,0.27239750295258985,0,0,0,46,44,35,42
13,18432,8647,4988,0.5308702256944444,0.2706163194444444,1,1,1,100,77,100,93
11,33806,18400,2644,0.45571791989587646,0.07821096846713602,1,0,1,100,43,100,83
6,57045,38492,24594,0.32523446401963363,0.43113331580331316,0,1,0,64,77,39,60
6,33994,31308,5459,0.07901394363711244,0.16058716244043067,0,1,0,58,74,36,56
11,22741,10610,10114,0.5334418011521042,0.44474737258695746,1,1,0,96,76,74,83
4,29314,15271,12194,0.47905437674831136,0.41597871324281915,0,1,0,76,83,44,68
13,16132,10658,5895,0.3393255640962063,0.365422762211753,0,0,0,63,41,42,50
4,44863,28601,1647,0.3624813320553686,0.036711766934890665,0,0,1,86,41,78,70
15,27228,23051,9250,0.1534082562068459,0.3397238137211694,1,0,1,72,42,100,71
4,51425,50003,1965,0.02765192027224113,0.03821098687408848,0,0,0,53,46,28,44
9,12873,10296,2588,0.20018643672803543,0.20104093839819778,1,1,0,72,71,74,72
4,49259,46174,9327,0.06262814917070993,0.1893461093404251,0,1,0,53,79,29,53
4,29584,16227,6444,0.451494050838291,0.21782044348296375,1,1,0,98,74,80,85
4,59297,34776,6258,0.413528509030811,0.10553653641836855,1,1,0,95,88,82,89
5,28840,25743,3460,0.10738557558945909,0.11997226074895978,1,1,1,73,79,100,83
12,56196,42810,2232,0.23820200726030322,0.03971812940422806,1,0,1,88,47,90,76
6,28000,15448,5507,0.4482857142857143,0.19667857142857142,1,1,0,95,78,74,84
7,44317,36091,850,0.18561725748584065,0.019179998646117743,1,0,1,82,53,92,76
11,57130,48321,8502,0.15419219324347977,0.14881848415893575,0,1,0,76,73,40,64
9,40473,30634,6086,0.24310033849726978,0.15037185284016505,1,0,1,87,50,96,79
7,25350,14897,536,0.4123471400394477,0.021143984220907297,1,0,1,100,47,100,84
8,55345,37105,13674,0.3295690667630319,0.24706838919504923,1,0,0,82,51,63,67
3,18199,18947,2549,-0.041101159404362875,0.1400626408044398,0,1,1,49,77,67,63
5,31182,28251,595,0.09399653646334424,0.01908152139054583,1,0,0,67,51,63,61
13,25419,13384,7399,0.4734647311066525,0.29108147448758803,1,1,0,87,82,73,81
4,59951,28363,4632,0.5268969658554487,0.07726309819686077,0,1,0,100,87,42,79
10,13414,12269,4013,0.08535858058744596,0.2991650514387953,0,0,0,43,30,27,34
15,14754,14869,5506,-0.0077944964077538295,0.3731869323573268,0,0,0,39,37,36,37
3,32926,28162,9101,0.1446880884407459,0.27640770211990523,1,0,0,63,44,67,58
7,31004,27650,4546,0.10817958973035738,0.1466262417752548,1,0,0,70,42,64,60
10,31827,25275,5486,0.20586294655481197,0.1723693719169259,0,0,0,73,42,48,56
12,42659,39011,12676,0.08551536604233573,0.29714714362737055,0,1,0,53,58,37,50
13,20480,12376,7803,0.395703125,0.381005859375,0,0,1,76,48,68,65
9,44077,43151,8774,0.0210086893391111,0.1990607346234998,1,1,1,63,69,100,76
15,9433,5611,2954,0.4051733276794233,0.31315594190607443,1,0,1,81,50,100,78
13,42895,36127,2957,0.1577806271127171,0.06893577340016319,0,1,1,71,72,68,71
15,41606,33645,17009,0.1913425948180551,0.40881122914964185,1,1,0,63,59,70,64
13,17708,12518,1589,0.29308786988931557,0.08973345380618929,1,0,0,75,51,67,65
7,19582,13005,756,0.33586967623327546,0.03860688387294454,0,1,1,95,83,67,83
12,49274,48640,13458,0.012866826318139384,0.273125786418801,0,1,0,50,60,35,48
5,20377,18502,8536,0.0920155076802277,0.41890366589782596,0,1,0,34,76,33,47
9,24072,18287,7094,0.24032070455300764,0.29469923562645395,0,0,0,67,52,33,52
4,25541,13829,10779,0.4585568301945891,0.42202732860890335,0,0,0,81,46,37,57
7,49122,39917,4532,0.18739057855950492,0.09226008713000285,0,0,0,68,54,34,54
8,50949,32326,7901,0.3655223851302283,0.15507664527272372,1,0,1,89,48,100,80
11,29944,19416,11631,0.35158963398343573,0.38842506011220945,1,0,1,85,50,100,79
7,54616,29581,571,0.45838215907426394,0.010454811776768713,0,0,1,92,59,70,76
5,13927,11559,1544,0.17002943921878366,0.1108637897608961,0,1,1,67,78,71,72
15,50857,53084,8557,-0.04378944884676642,0.1682560906069961,1,1,1,58,62,97,71
15,57039,40041,23538,0.29800662704465364,0.41266501867143535,0,0,1,64,41,57,55
3,56955,34659,4341,0.3914669475902028,0.07621806689491704,0,1,0,89,83,42,73
5,31936,19000,1794,0.40506012024048094,0.056174849699398795,0,0,0,91,50,49,66
14,27628,27839,7242,-0.007637179672795714,0.2621253800492254,1,1,0,51,66,79,64
11,54622,41490,19245,0.24041594961737028,0.35233056277690306,1,0,1,80,38,100,73
9,20038,18180,1764,0.09272382473300729,0.08803273779818345,1,1,1,74,73,96,80
7,15104,8506,1137,0.4368379237288136,0.0752780720338983,1,1,0,95,78,70,82
3,23750,15097,1893,0.3643368421052632,0.07970526315789474,0,1,0,83,79,31,66
8,34691,32111,2154,0.07437087429016172,0.06209103225620478,0,0,1,62,47,63,58
13,50874,27508,5777,0.45929158312694107,0.11355505759326964,1,1,0,96,83,73,85
12,47772,23954,5493,0.49857657205057354,0.11498367244410952,1,0,0,100,55,69,77
7,18582,9477,2794,0.4899903132063287,0.15036056398665376,1,1,0,93,82,71,83
12,52602,27896,14945,0.4696779590129653,0.2841146724459146,1,1,1,91,73,100,88
11,8520,5100,931,0.4014084507042254,0.10927230046948357,1,1,0,97,82,72,85
10,15151,8223,1976,0.4572635469605967,0.13042043429476602,0,1,1,89,82,72,82
3,43722,24777,15899,0.43330588719637714,0.36363844288916336,0,0,1,86,53,69,71
5,12538,7885,3818,0.37111182006699633,0.3045142765991386,0,1,1,87,79,76,81
15,27457,17746,3753,0.3536803001056197,0.13668645518447026,1,1,1,92,62,98,85
9,8650,8486,3707,0.018959537572254336,0.42855491329479767,0,0,0,45,32,34,38
3,37527,21006,15223,0.44024302502198415,0.4056545953580089,0,0,0,81,56,43,62
6,20527,20372,735,0.0075510303502703754,0.035806498757733715,1,1,0,60,76,59,64
9,34895,27227,6270,0.21974494913311363,0.1796819028514114,1,1,0,82,73,65,74
7,51227,45614,22791,0.10957112460226053,0.44490210240693384,1,1,0,47,69,69,60
11,14534,13816,4623,0.049401403605339206,0.3180817393697537,0,1,1,41,68,60,55
10,35062,28746,624,0.180138041184188,0.017797045234156636,1,0,1,76,50,98,75
12,36181,24205,9605,0.33100245985461985,0.26547082722976145,1,0,1,87,46,100,78
15,33690,23687,14218,0.2969130305728703,0.422024339566637,0,1,0,58,79,40,59
14,16555,14882,5697,0.1010570824524313,0.3441256418000604,1,0,0,61,45,67,58
3,26020,13068,2855,0.49777094542659495,0.10972328977709454,0,0,0,93,51,42,65
6,33611,18422,8545,0.4519056261343013,0.25423224539585254,0,1,0,84,75,51,72
10,18558,11296,2947,0.39131371915077057,0.15879943959478393,0,0,0,78,52,33,57
11,9509,8522,2596,0.10379640340729834,0.2730045220317594,0,0,1,54,39,63,52
4,30842,31949,11181,-0.03589261396796576,0.36252512807210946,1,1,1,41,70,97,67
6,55320,56864,14703,-0.027910339840925523,0.26578091106290674,1,1,1,63,69,98,75
13,12211,9175,1870,0.2486282859716649,0.1531406109245762,0,1,1,65,71,65,66
15,20184,14943,4519,0.25966111771700356,0.2238902100673801,0,0,1,68,35,63,57
10,45189,46393,11036,-0.026643652216247316,0.24421872579610082,0,0,1,46,34,73,50
12,50353,36477,14760,0.275574444422378,0.29313049867932395,1,1,0,75,71,67,71
9,23494,20015,848,0.14808036094321955,0.03609432195454158,1,0,0,79,53,79,71
7,28787,24285,7059,0.1563900371695557,0.2452148539271199,0,1,1,65,76,62,67
12,14733,7108,2335,0.5175456458290911,0.1584877485915971,0,0,0,88,55,39,64
15,32174,32092,580,0.0025486417604276743,0.01802697830546404,0,1,0,49,70,33,51
5,46237,35902,4428,0.2235222873456323,0.0957674589614378,0,1,0,77,76,39,66
13,40119,27245,11048,0.3208953363742865,0.27538074229168225,1,0,0,78,35,81,66
14,21493,21057,1778,0.020285674405620433,0.08272460801191085,0,1,0,46,66,35,49
12,57912,60639,17340,-0.047088686282635725,0.29941980936593454,1,1,1,61,69,95,74
6,59119,52830,6658,0.10637865999086588,0.11262030819195183,0,1,1,60,83,69,70
10,20257,13485,968,0.33430419114380217,0.047785950535617315,1,1,1,87,74,100,87
7,32233,17709,1305,0.4505941116247324,0.04048645797784879,1,1,0,97,85,74,86
13,11268,10364,2539,0.08022719204827831,0.22532836350727725,0,0,0,52,34,40,43
9,33748,18505,4102,0.45167121014578643,0.12154794358184189,1,1,0,94,86,78,87
14,23638,13426,5662,0.4320162450291903,0.23952957102969794,0,0,0,81,45,30,55
3,46928,32656,16026,0.3041254688032731,0.3415018752130924,0,1,0,69,72,40,61
15,14154,8007,2995,0.43429419245442985,0.21160096085912108,1,1,1,92,68,100,87
13,42033,42776,1179,-0.01767658744319939,0.028049389765184497,0,1,0,54,68,30,51
6,32758,18277,4987,0.4420599548201966,0.1522376213444044,1,0,1,100,50,100,85
6,10693,9558,4760,0.10614420649022725,0.4451510333863275,1,0,1,66,43,100,70
7,48881,40285,5828,0.17585564943434054,0.11922833002598146,1,1,1,72,75,100,81
10,28042,12784,7550,0.5441124028243349,0.2692389986448898,1,0,0,97,41,81,75
5,13636,11978,2717,0.12158990906424172,0.1992519800528014,0,0,1,63,40,60,55
13,33312,28836,7039,0.13436599423631124,0.2113052353506244,0,1,1,64,64,70,66
15,21074,13579,2723,0.3556515137135807,0.12921135047926355,1,0,1,90,51,100,81
11,36960,26896,8754,0.2722943722943723,0.23685064935064934,1,1,1,81,73,100,84
9,13795,8510,5539,0.3831098223994201,0.4015222906850308,1,0,1,79,48,100,76
9,51914,23556,15665,0.5462495665909003,0.30174904649998074,1,0,0,100,48,75,77
3,15958,15550,6556,0.025567113673392657,0.4108284246146134,0,0,0,59,40,39,47
3,39782,38337,7076,0.03632296013272334,0.177869388165502,0,0,0,52,43,41,46
10,20061,12876,4764,0.35815761926125317,0.23747569911769104,1,0,1,85,52,100,79
4,46585,37116,12536,0.20326285284962972,0.26909949554577656,1,1,1,77,72,93,80
12,33521,15445,10011,0.5392440559649175,0.29864860833507356,1,0,1,100,53,100,86
11,21813,15530,9102,0.28803924265346353,0.41727410259936737,1,0,0,75,46,80,68
7,59443,46601,13408,0.21603889440304158,0.22556062109920427,0,1,1,60,75,61,65
12,46058,32132,19652,0.3023578965652004,0.42667940422944983,1,0,0,67,42,70,60
15,56014,40712,3954,0.27318170457385654,0.07058949548327204,0,1,1,84,68,63,73
5,49772,41198,18734,0.17226553082054166,0.3763963674355059,0,0,1,60,33,66,54
15,20602,10679,897,0.4816522667702165,0.043539462188137076,0,0,0,92,49,32,61
14,50089,39846,16758,0.2044959971251173,0.33456447523408334,0,0,1,65,43,77,62
12,13121,6945,4737,0.47069583111043367,0.3610243121713284,1,0,0,90,48,78,74
7,33586,26840,1613,0.20085750014887155,0.04802596319895194,0,1,0,71,78,34,62
11,53712,53392,4133,0.005957700327673518,0.07694742329460828,1,1,0,54,66,71,63
15,51472,53056,2542,-0.030774013055641904,0.04938607398197078,0,1,0,57,70,39,55
4,35278,35475,12612,-0.005584216792335167,0.3575032598219854,0,1,0,40,58,37,45
7,59219,41574,1202,0.2979618027997771,0.0202975396409936,0,0,0,82,58,40,62
15,32722,18827,7540,0.4246378583216185,0.23042601307988508,1,0,0,86,51,69,70
3,23608,14424,2007,0.38902067095899695,0.08501355472721112,0,0,1,95,63,67,77
6,27163,14348,10430,0.47178146743732285,0.383978205647388,1,1,0,91,83,84,86
6,37067,26599,15924,0.2824075323063642,0.42960045323333423,1,1,0,72,76,76,74
7,13141,7580,1623,0.42317936230119474,0.1235065824518682,0,1,0,83,77,40,68
9,33209,29493,1227,0.11189737721701948,0.0369478153512602,0,0,1,62,42,67,58
3,47894,46274,11517,0.033824696204117426,0.24046853468075333,1,0,0,49,41,75,54
3,15157,15885,3679,-0.04803061291812364,0.2427261331398034,1,1,1,56,68,92,70
6,16642,7736,2799,0.5351520249969955,0.16818891960100948,1,0,0,100,56,72,79
7,59277,27482,4573,0.5363800462236618,0.0771462793326248,1,1,1,100,79,100,94
9,11839,10074,1151,0.1490835374609342,0.0972210490750908,1,1,0,72,78,69,73
5,17627,18056,5873,-0.02433766381119873,0.3331820502637999,0,0,0,43,38,31,38
6,11985,11246,2622,0.06166040884438882,0.21877346683354193,1,0,1,65,40,98,67
4,23530,13931,5837,0.40794730131746704,0.24806629834254143,1,1,0,99,74,77,85
9,50728,35105,15923,0.30797587131367293,0.31388976502129,1,0,0,77,40,67,63
8,41475,42117,17152,-0.015479204339963833,0.4135503315250151,1,0,1,54,32,98,61
9,43321,43514,4472,-0.004455114147872856,0.10322938066988296,0,1,1,53,78,58,62
8,23131,17876,5657,0.22718429812805327,0.2445635726946522,0,0,1,68,47,72,63
10,59531,54237,8028,0.08892845744234097,0.13485410962355748,0,0,1,66,49,65,61
9,35592,32564,2931,0.08507529781973477,0.08234996628455833,1,0,0,63,52,71,62
3,36273,17106,11805,0.5284095608303697,0.3254486808369862,0,0,0,89,51,32,60
6,54660,43824,4400,0.1982436882546652,0.08049762166117819,1,1,0,80,76,67,75
7,57654,57211,23441,0.007683768689076213,0.4065806362091095,0,0,0,44,37,25,36
7,58659,32746,8110,0.4417565931911557,0.13825670400109105,1,1,1,92,82,100,91
9,28878,18841,2846,0.34756562088787313,0.09855253133873537,0,0,1,85,53,68,71
7,39892,32333,7828,0.18948661385741503,0.19622982051539156,0,1,1,64,86,76,74
15,20788,9463,8501,0.5447854531460458,0.4089378487588994,0,1,0,86,66,50,69
4,16966,12196,6493,0.28115053636685133,0.382706589649888,0,1,0,68,71,45,62
4,54321,46986,10815,0.13503065112939747,0.1990942729331198,0,1,0,50,84,39,57
5,39752,24019,16776,0.3957788287381767,0.42201650231434895,1,0,0,83,48,69,68
10,44551,40075,7333,0.10046912527216,0.16459787659087338,0,0,1,66,46,64,59
5,27667,20048,5286,0.2753822243105505,0.19105793906097518,1,1,1,86,74,100,86
10,29325,21302,11353,0.2735890878090367,0.3871440750213129,1,0,0,72,53,70,66
10,47390,34825,8195,0.2651403249630724,0.1729267778012239,0,1,1,76,80,66,74
10,35865,29202,4771,0.18578000836470096,0.1330266276313955,0,1,1,73,79,66,73
5,43128,26163,4114,0.39336393989983304,0.09539046559079949,1,0,0,88,51,75,73
3,41990,25791,12365,0.38578232912598237,0.294474874970231,0,0,1,85,48,69,69
5,26552,16887,897,0.3640027116601386,0.033782765893341365,0,0,0,83,61,38,63
4,41063,42140,14111,-0.02622799113557217,0.3436426953705282,0,0,0,32,33,32,32
7,25960,19200,3820,0.26040061633281975,0.14714946070878274,0,1,1,74,73,66,71
14,42944,35924,8515,0.16346870342771982,0.1982814828614009,1,0,1,82,39,99,74
4,50127,32735,11393,0.34695872483890916,0.2272827019370798,0,0,0,77,59,34,59
10,42301,42727,8116,-0.01007068390818184,0.19186307652301365,0,1,1,49,73,69,62
6,57482,57895,18377,-0.007184857868550155,0.31970008002505135,1,1,0,46,68,63,58
5,42074,43448,4480,-0.032656747635119075,0.10647906070257165,0,0,1,59,45,64,56
4,36539,26083,12295,0.28615999343167575,0.33648977804537616,1,1,1,80,68,99,82
10,38335,24151,11319,0.37000130429111777,0.29526542324246774,0,0,1,73,55,62,64
11,38054,27971,3603,0.2649655752351921,0.09468124244494666,0,1,0,79,74,34,64
7,44773,37875,7138,0.15406606660264,0.15942644004198958,0,0,0,65,44,43,52
15,33096,25711,9931,0.22313874788494079,0.30006647328982355,1,1,0,75,51,62,64
10,35879,31601,5859,0.11923409236600797,0.16329886563170656,1,0,0,68,43,65,60
11,13124,13140,5459,-0.0012191405059433099,0.4159555013715331,0,0,1,56,37,73,55
11,36535,37807,6204,-0.034815929930203916,0.1698097714520323,0,0,1,48,48,69,54
8,19731,9052,3708,0.5412295372763671,0.18792762657746692,1,1,0,97,84,71,85
3,53580,47188,8791,0.11929824561403508,0.16407241508025383,1,0,0,67,34,72,59
9,15826,8039,4132,0.4920384177935044,0.2610893466447618,0,1,0,92,89,45,77
13,28740,18477,10114,0.35709812108559497,0.35191370911621433,1,0,1,83,46,100,77
3,26056,21695,3755,0.16737027939821922,0.14411268038071845,1,0,0,68,40,74,62
4,20167,14276,829,0.2921108742004264,0.041106758565974115,0,0,0,81,46,47,60
7,11495,8279,2851,0.2797738147020444,0.24802087864288822,0,1,0,71,79,36,63
4,40105,29684,12414,0.25984291235506796,0.30953746415658895,1,1,0,72,66,64,68
15,26919,15511,6106,0.42378988818306773,0.22682863405029904,1,0,0,87,46,66,68
8,44947,32609,19780,0.2745010790486573,0.44007386477406724,0,1,0,71,65,35,58
4,20262,14982,5518,0.26058631921824105,0.27233244497088144,0,1,0,71,77,45,65
10,23963,14921,6614,0.37733171973459084,0.2760088469724158,1,1,1,96,74,100,91
3,18749,16828,1863,0.10245879780254948,0.09936529948263907,1,0,0,63,39,73,59
5,38185,17210,5332,0.5492994631399765,0.13963598271572608,0,0,1,99,62,76,81
11,58830,51000,662,0.13309535951045384,0.011252762196158422,1,0,1,70,45,99,71
10,54283,32381,3639,0.40347806864027413,0.06703756240443601,1,0,1,100,64,100,89
4,30732,29829,11475,0.029383053494728622,0.37338930105427565,0,0,0,48,31,39,40
4,50308,30177,5024,0.40015504492327264,0.09986483263099308,1,0,0,89,49,72,72
9,52254,50425,16250,0.03500210510200176,0.31098097753282045,0,1,1,47,68,70,60
14,14645,13216,600,0.09757596449300103,0.04096961420279959,0,1,0,63,68,43,58
15,11572,7688,3981,0.3356377462841341,0.344020048392672,1,0,1,84,51,97,78
15,33131,17529,2963,0.4709184751441248,0.08943285744468926,0,1,1,99,70,66,81
8,11281,9985,3525,0.11488343231982981,0.3124722985550926,1,1,1,72,67,98,78
3,47044,24828,12206,0.4722387552078905,0.2594592296573421,0,1,0,80,76,42,67
8,38017,39683,8498,-0.043822500460320386,0.2235315779782729,1,0,0,50,43,69,54
11,55539,30153,11568,0.45708421109490627,0.2082860692486361,1,1,1,93,79,100,91
7,48342,38597,18167,0.20158454346117247,0.375801580406272,0,0,1,64,48,70,61
11,52003,24899,20312,0.5212006999596177,0.3905928504124762,1,0,1,94,42,100,80
12,59790,47755,3683,0.2012878407760495,0.06159892958688744,0,0,0,72,49,40,56
9,49600,41824,11272,0.1567741935483871,0.22725806451612904,1,1,0,66,76,75,72
11,53726,29746,22552,0.4463388303614637,0.4197595205300972,1,1,1,91,74,99,88
3,18217,18434,5291,-0.011911950376022397,0.2904429928089147,0,1,1,45,70,63,58
9,47788,49345,4546,-0.03258140118858291,0.09512848413827739,0,1,0,46,57,33,45
12,26276,17057,6450,0.3508524889633125,0.2454711523824022,0,1,1,76,77,76,76
3,42908,30254,15705,0.2949100400857649,0.3660156614151207,0,0,1,72,45,71,64
4,47293,39977,13894,0.15469519802084875,0.29378554965851184,0,1,0,50,76,37,54
5,38000,29193,8341,0.23176315789473684,0.2195,0,1,0,65,79,38,61
12,37075,24609,13554,0.3362373567093729,0.36558327714093053,0,1,0,63,74,40,60
9,12611,12088,3916,0.04147173102846721,0.31052255967012926,1,0,0,53,51,61,55
11,49239,43444,14919,0.11769126099230284,0.30299153110339366,1,0,0,58,52,65,58
9,51026,34096,5151,0.3317916356367342,0.10094853604044997,0,1,0,77,83,47,70
15,25039,16877,5338,0.32597148448420465,0.21318742761292384,1,1,1,91,73,98,88
6,32304,33002,6442,-0.02160723130262506,0.19941802872709263,1,1,0,55,74,59,62
9,24862,21619,4234,0.13044002895985843,0.1703000563108358,0,0,1,62,52,65,60
8,50195,27694,19739,0.4482717402131686,0.3932463392768204,1,1,1,97,71,100,90
6,17836,12585,5485,0.29440457501681994,0.3075241085445167,0,0,1,73,58,73,69
3,34115,18589,5898,0.45510772387512827,0.1728858273486736,0,1,0,88,73,46,71
6,22964,21632,7972,0.058003832085002614,0.34715206410033095,0,0,1,52,40,60,51
12,39279,32888,3720,0.1627078082435907,0.0947070953944856,0,1,0,63,68,38,57
10,27658,12760,10030,0.538650661653048,0.36264371971943016,1,0,1,100,59,100,88
10,49361,27996,11268,0.43283158769068697,0.22827738498004496,1,1,1,91,75,100,89
4,57585,37852,16477,0.3426760441087089,0.28613354172093425,0,1,1,78,83,66,76
5,20687,11090,4297,0.463914535698748,0.20771499009039493,0,1,1,88,76,74,80
5,29218,18272,3644,0.37463207611746185,0.12471763981107536,1,0,0,92,58,76,77
7,38931,27466,12650,0.294495389278467,0.3249338573373404,0,1,1,84,72,72,77
3,57953,52559,2312,0.0930754231877556,0.0398943971839249,1,1,0,61,72,61,64
8,44573,38406,7035,0.13835730150539563,0.15783097390797118,0,1,1,61,71,71,67
3,59198,52202,23037,0.11817966823203487,0.3891516605290719,1,0,1,61,40,97,65
4,29269,26729,2986,0.0867812361201271,0.1020192012026376,0,1,0,60,70,39,57
7,53191,24651,5102,0.5365569363238142,0.09591848245003853,0,1,1,100,89,73,88
8,21040,20570,4743,0.022338403041825095,0.2254277566539924,1,0,0,51,40,59,50
11,32476,15144,9768,0.5336864145830768,0.30077595763025006,1,0,1,100,53,100,86
11,59156,33981,17924,0.4255696801676922,0.3029954696057881,0,0,1,94,48,68,72
14,17974,18744,3206,-0.042839657282741736,0.17836875486814288,0,0,1,47,40,60,49
9,9236,4225,1422,0.5425508878302295,0.15396275443915114,1,1,0,100,86,74,88
15,45646,32161,19402,0.295425667090216,0.4250536739254261,0,0,0,62,45,37,49
6,51133,29851,7109,0.4162087106174095,0.13902958950188724,1,0,1,97,59,100,86
11,15975,9856,6698,0.38303599374021907,0.41928012519561814,0,0,1,80,53,68,68
11,31583,29874,4682,0.05411138903840674,0.14824430864705695,0,1,0,48,75,40,54
14,13534,11418,5772,0.15634697798138023,0.4264814541155608,1,1,0,67,65,65,66
12,8607,4921,2624,0.4282560706401766,0.3048681305913791,0,0,1,87,49,71,71
5,19445,17246,2980,0.113088197480072,0.15325276420673695,0,1,0,55,66,38,53
3,29730,14311,8208,0.5186343760511268,0.27608476286579214,0,0,1,87,55,60,69
11,36863,20992,14539,0.43054010796733855,0.3944063152754795,0,1,1,79,66,68,72
14,14317,14270,4537,0.003282810644688133,0.31689599776489485,0,0,0,45,24,42,38
7,48305,25185,8684,0.4786254010971949,0.17977435048131662,0,1,0,92,85,44,76
7,57800,34641,11246,0.4006747404844291,0.1945674740484429,1,1,0,100,78,70,84
5,49591,23432,8293,0.5274949083503055,0.1672279244217701,0,1,1,90,87,72,84
10,15721,11650,5869,0.25895299281216205,0.3733223077412378,1,1,0,61,73,75,69
8,58021,60126,9113,-0.036279967597938674,0.15706382171972216,0,1,1,46,69,65,59
8,28121,27483,7646,0.022687671135450376,0.27189644749475483,0,0,1,52,48,55,51
11,47382,46877,5473,0.010658055801781268,0.11550799881811659,0,1,0,48,74,39,53
15,54929,34682,18221,0.3686031058275228,0.33171912832929784,1,0,1,85,41,100,76
14,27660,12458,1726,0.5496023138105568,0.06240057845263919,1,1,0,100,79,87,90
15,23890,17160,3112,0.28170782754290496,0.13026370866471326,1,1,0,79,65,76,74
13,17951,11449,4132,0.36220823352459475,0.23018216255361817,0,1,1,80,75,72,76
4,43471,43904,15388,-0.009960663430792943,0.3539831151802351,0,0,1,40,38,78,51
10,57706,45044,7860,0.21942259037188508,0.13620767337885142,0,0,1,73,47,79,67
7,49960,39122,11275,0.21693354683747,0.22568054443554844,1,1,1,81,74,100,85
15,54434,40481,18872,0.25632876511004155,0.3466950802807069,1,1,0,75,66,74,72
13,54485,54133,20285,0.006460493713866202,0.37230430393686337,1,1,0,44,69,70,60
15,49164,46515,14649,0.05388088845496705,0.29796192335855504,0,0,0,59,37,40,47
6,26129,19065,1283,0.27035095105055684,0.04910252975620957,1,1,1,91,83,100,91
15,30841,19515,8689,0.36723841639376154,0.2817353522907817,0,1,1,84,73,74,78
14,13926,12918,3063,0.07238259370960792,0.21994829814735029,1,0,1,65,36,95,65
3,15305,9996,5266,0.34688010454099966,0.34407056517477946,1,1,0,78,73,79,77
9,25260,13755,6073,0.45546318289786225,0.2404196357878068,1,1,0,98,81,65,83
13,25942,12104,8601,0.5334207077326344,0.33154729781820985,0,0,0,94,51,49,68
10,35166,34053,9531,0.031649889097423646,0.27102883466985156,0,1,0,55,79,39,57
8,31888,22039,5745,0.30886226793778226,0.18016181635725037,1,0,0,74,58,72,69
15,41256,41776,16088,-0.012604227263913128,0.3899554004266046,1,0,0,55,33,75,54
12,11486,8938,4087,0.22183527772940972,0.35582448197806027,1,1,0,71,63,74,69
13,31226,16194,12277,0.4813937103695638,0.39316595145071415,1,1,0,94,73,76,82
12,41289,31921,5226,0.2268885175228269,0.12657124173508683,1,0,0,81,47,78,70
6,47421,46692,6376,0.015372936040994496,0.13445519917336202,0,0,1,59,37,71,56
15,34710,28113,11910,0.19006050129645635,0.34312878133102853,1,0,1,67,31,98,65
7,34307,22011,4213,0.3584108199492815,0.12280292651645437,1,0,1,93,43,100,80
3,42676,19616,652,0.5403505483175556,0.015277907957634267,1,1,1,100,88,100,96
13,18136,17986,3565,0.008270842523158359,0.19657035730039701,0,1,0,49,64,38,50
7,27099,13959,6218,0.48488874128196613,0.22945496143769142,0,0,0,88,54,42,64
11,12290,8301,2517,0.32457282343368593,0.20480065093572009,1,0,0,91,47,77,74
12,14473,15029,1245,-0.03841636150072549,0.08602224832446624,1,1,0,55,71,68,64
9,13399,10046,695,0.2502425554145832,0.05186954250317188,1,0,1,88,60,100,83
3,20325,10607,5531,0.478130381303813,0.2721279212792128,0,1,0,86,78,46,72
5,41341,30754,1965,0.25608959628456013,0.04753150625287245,0,0,1,81,47,70,68
9,21502,20969,2405,0.024788391777509067,0.11185006045949214,1,0,0,59,42,73,58
5,17284,17586,2516,-0.0174728072205508,0.14556815551955565,1,1,1,63,73,96,76
6,59067,58575,8804,0.00832952409975113,0.14905107758985559,0,1,0,54,72,36,54
15,40016,20186,6508,0.4955517792882847,0.16263494602159137,1,0,1,100,34,96,79
9,21246,10977,8658,0.4833380401016662,0.4075120022592488,0,0,0,82,38,46,58
12,32307,28893,12597,0.1056736930077073,0.3899154981892469,0,1,0,53,68,41,54
5,30945,29064,3787,0.060785264178380996,0.1223784133139441,0,1,1,56,65,62,60
4,24107,20705,9159,0.14112083627162236,0.37993114033268344,1,0,0,62,42,76,60
8,32272,15781,2850,0.5110002478929102,0.08831184928111056,0,0,0,93,68,38,69
13,10306,9254,1105,0.10207646031437997,0.10721909567242383,0,1,1,59,67,71,65
8,49726,37284,16200,0.2502111571411334,0.3257853034629771,0,1,1,66,72,58,65
9,27651,17160,1197,0.37940761636107195,0.043289573613974175,1,1,0,95,75,72,82
9,38377,29182,11569,0.23959663340021367,0.30145660161033955,1,1,0,75,71,74,74
10,43927,44800,13876,-0.019873881667311678,0.3158877228128486,1,1,0,49,67,72,61
6,22232,15536,9538,0.30118747750989566,0.4290212306585103,0,1,1,65,76,71,70
14,52605,42132,5607,0.19908753920729969,0.10658682634730539,1,0,0,75,46,75,66
15,48129,39044,21081,0.18876353134284943,0.4380103471919217,0,0,0,60,39,34,46
4,31785,24641,10059,0.22476010696869592,0.3164700330344502,1,1,1,77,65,100,81
9,15762,15813,5565,-0.0032356299961933763,0.35306433193757136,1,0,1,57,43,97,64
15,9307,8989,3318,0.03416783066509079,0.35650585580745675,1,1,0,53,60,65,59
4,32246,16767,3403,0.48002853067047074,0.10553246914345965,0,1,1,89,75,76,81
15,40423,18712,14188,0.5370952180689211,0.3509882987408159,0,1,1,89,75,72,80
3,50559,30576,10547,0.3952412033465852,0.20860776518522914,1,1,1,91,81,100,91
6,38809,29916,13226,0.22914787806951994,0.3407972377541292,0,1,1,59,71,69,66
7,13459,13538,4185,-0.005869678282190356,0.3109443495059068,0,1,0,47,68,42,52
8,48465,24115,5619,0.5024244300010317,0.11593933766635717,1,1,0,100,88,77,89
9,59877,42218,7388,0.2949212552399085,0.12338627519748818,0,0,1,76,50,66,65
13,46784,23059,15000,0.5071178180574556,0.32062243502051985,0,0,0,83,41,44,59
5,29063,20539,3161,0.29329387881498814,0.10876372019406118,1,1,1,88,75,100,88
13,52795,32003,9722,0.39382517283833696,0.18414622596836822,0,0,0,76,52,49,61
3,56776,31331,10933,0.4481647174862618,0.19256375933493025,1,0,1,100,46,100,84
10,28543,19079,4237,0.3315699120625022,0.14844270048698455,0,0,1,76,43,76,66
10,37633,21937,5155,0.4170807535939202,0.1369808412829166,1,1,0,86,76,70,78
5,17898,17768,2006,0.007263381383394793,0.11207956196223041,0,0,0,51,42,34,43
11,26197,15519,3612,0.4076039241134481,0.1378783830209566,1,1,1,93,79,100,91
8,54269,40041,20416,0.2621754592861486,0.37620004053879746,1,0,0,72,40,69,62
12,36114,36292,2496,-0.004928836462313784,0.06911447084233262,0,1,1,66,74,64,68
6,29377,20868,5620,0.2896483643666814,0.19130612383837697,1,1,1,86,74,97,86
6,54406,43908,20468,0.1929566591920009,0.3762085064147337,0,0,1,67,30,67,56
8,13328,10332,4521,0.22478991596638656,0.3392106842737095,1,1,0,68,76,65,70
13,8200,6370,1958,0.22317073170731708,0.23878048780487804,1,0,1,85,28,100,73
3,56201,38065,17654,0.32269888436148825,0.31412252451024003,1,0,1,80,53,95,76
5,37273,37281,6759,-0.00021463257585920104,0.18133769752904247,0,1,1,48,63,65,58
5,29155,13674,2530,0.5309895386726119,0.08677756817012519,0,1,1,99,89,76,89
9,19665,14200,1065,0.277904907195525,0.05415713196033562,1,1,0,87,73,76,79
15,31613,25925,6040,0.17992597981842912,0.1910606396102869,0,1,1,72,67,70,70
5,43920,22695,7291,0.4832650273224044,0.16600637522768671,1,0,0,100,54,72,78
13,51926,36335,1130,0.30025420791125834,0.021761737857720603,1,1,0,93,76,72,82
12,40208,18327,11948,0.5441951850378034,0.29715479506565856,0,1,0,90,80,41,72
6,57425,42636,11460,0.25753591641271223,0.19956464954288203,0,1,1,71,75,72,73
4,10730,8002,1374,0.2542404473438956,0.12805219012115565,0,0,1,85,48,71,70
7,22208,18366,890,0.1730007204610951,0.04007564841498559,1,0,0,75,43,70,64
13,24286,12200,10598,0.4976529687886025,0.4363831013752779,0,0,0,89,42,43,61
3,32120,21509,11080,0.3303549190535492,0.3449564134495641,0,1,1,69,80,77,74
3,39228,23372,970,0.4042010808606098,0.024727235648006527,0,0,0,85,57,37,62
9,9959,4785,2537,0.5195300733005321,0.2547444522542424,1,1,1,100,88,100,96
13,25823,25906,3581,-0.0032141889013669986,0.13867482476861712,0,1,0,54,68,44,55
14,11099,7341,3482,0.33858906207766465,0.31372195693305704,0,1,1,83,59,74,73
8,56181,48008,13836,0.14547622861821613,0.24627543119559994,0,1,1,62,63,71,65
11,34727,27434,7573,0.21000950269242952,0.21807239323869035,0,1,0,63,72,42,59
3,30508,30320,10741,0.0061623180805034745,0.3520715877802544,0,1,0,50,71,35,52
7,44074,41611,5896,0.05588328719880201,0.13377501474792394,0,1,1,65,69,64,66
14,34738,19119,4199,0.44962289135816685,0.12087627382117566,1,0,0,96,50,77,77
6,43518,40497,3664,0.06941955053081483,0.08419504572820442,0,0,0,46,40,43,43
8,51357,36315,846,0.2928909398913488,0.01647292482037502,1,1,1,90,93,100,94
13,40200,19122,16883,0.5243283582089552,0.41997512437810947,1,1,0,89,84,79,85
12,48647,50747,12003,-0.04316812958661377,0.24673669496577383,1,0,1,47,43,97,61
14,54898,30864,15399,0.4377937265474152,0.2805020219315822,1,1,0,92,69,77,81
12,34909,18820,668,0.4608840127187831,0.019135466498610674,0,0,1,93,59,74,77
4,53758,41123,16592,0.23503478552029466,0.30864243461438295,0,1,1,70,66,65,67
14,50852,52551,6287,-0.03341068197907653,0.12363328875953748,1,0,1,56,46,92,64
14,15608,8686,1847,0.4434905176832394,0.11833675038441825,0,0,0,88,49,43,63
10,10197,6872,2287,0.32607629695008333,0.22428165146611748,1,0,0,86,49,69,70
13,43777,31931,18763,0.2705987162208466,0.4286040614934783,1,1,0,72,61,70,68
11,59648,27638,4194,0.5366483369098712,0.0703125,1,0,1,100,59,100,88
4,19299,15038,5030,0.22078864189854397,0.2606352660759625,0,0,0,68,50,31,52
9,49000,33902,7884,0.30812244897959185,0.16089795918367347,1,1,0,81,68,70,74
6,57060,34021,16207,0.40376796354714334,0.2840343498072205,1,0,0,89,54,65,71
8,26178,18223,5101,0.3038811215524486,0.19485827794331118,1,1,1,93,77,100,90
13,47662,41086,19308,0.13797154966220468,0.4051025974570937,0,1,1,50,62,69,59
7,25776,25930,5234,-0.0059745499689633766,0.2030571073867163,0,1,1,59,67,71,65
9,26253,16136,10293,0.3853654820401478,0.39206947777396867,1,0,0,90,39,77,71
6,38322,36306,6182,0.05260685767966181,0.16131725901570898,0,1,0,42,75,38,51
6,33665,31019,12248,0.07859795039358385,0.36381999108866775,1,1,1,53,69,99,72
3,36030,36794,8520,-0.021204551762420205,0.23646960865945046,0,1,1,48,64,69,59
11,43076,28179,4675,0.34583062494196304,0.1085291113381001,0,1,0,78,72,39,64
3,44287,39069,10878,0.11782238580170253,0.24562512701244157,0,0,1,54,40,62,52
5,19373,12327,5078,0.36370205956743923,0.26211737985856604,0,0,0,79,49,45,60
10,37001,21577,12610,0.4168535985513905,0.3408015999567579,1,1,0,87,84,78,83
8,9357,8298,2578,0.11317730041680026,0.2755156567275836,1,1,0,59,74,64,65
6,22282,15174,6287,0.3190018849295395,0.2821560003590342,1,1,0,72,77,71,73
9,55459,54140,14398,0.02378333543698949,0.2596152112371301,0,1,1,50,74,62,61
12,50271,39567,20131,0.21292594139762488,0.4004495633665533,0,0,1,58,47,56,54
7,20191,12838,7208,0.36417215591104946,0.3569907384478233,1,0,0,79,55,77,71
15,20804,19234,1762,0.0754662564891367,0.0846952509132859,0,0,1,66,32,74,58
5,42973,25458,8549,0.40758150466572035,0.19893886859190654,0,1,0,87,71,48,71
7,38304,25290,15407,0.33975563909774437,0.4022295321637427,0,0,0,62,42,41,50
15,33887,33281,9371,0.01788296396848349,0.27653672499778675,1,1,1,65,66,100,76
9,33072,27200,5407,0.177552007740687,0.1634917755200774,1,0,1,76,36,100,71
12,59807,36077,21768,0.3967762970889695,0.3639707726520307,1,1,0,89,70,72,78
5,35249,17544,4520,0.5022837527305739,0.1282305881017901,0,0,1,96,45,73,74
10,12440,8485,3215,0.3179260450160772,0.2584405144694534,0,1,0,78,69,42,64
10,34438,26442,13582,0.23218537661885127,0.3943899181137116,1,1,1,71,72,99,80
